Fahrberichte,Mobilität,Tests,Audi-Modelle,Kleinwagen,Autotests
Fahrberichte,Mobilität,Autotests,Volkswagen
Fahrberichte,Mobilität,Autotests
Fahrberichte,Mobilität,Fahrberichte,Motorräder,Schräglage
Fahrberichte,Mobilität,Fahrberichte,Audi,Audi A3
Fahrberichte,Mobilität,Tests,Kompaktwagen,Audi-Modelle,Autotests
Fahrberichte,Mobilität,Fahrberichte,Autotests,Audi-Modelle,Elektroautos,Porsche,Audi
Fahrberichte,Mobilität,Tests
Fahrberichte,Mobilität,Audi,Audi-Modelle,Elektroautos,Alternative Antriebe
Fahrberichte,Mobilität,Tests,Audi-Modelle,SUV,Autotests
Fahrberichte,Mobilität,Tests,SUV,Audi-Modelle,Autotests
Fahrberichte,Mobilität,Tests
Fahrberichte,Mobilität,Tests,Audi-Modelle,SUV,Autotests
Fahrberichte,Mobilität,Autotests im Video
Fahrberichte,Mobilität,Tests,BMW-Modelle,Kompaktwagen,Autotests
Fahrberichte,Mobilität,Tests,BMW-Modelle,Van/Kleinbus,Autotests
Fahrberichte,Mobilität,Tests,IAA 2015,BMW-Modelle,Limousine,Autotests,Autonomes Fahren
Fahrberichte,Mobilität,Fahrberichte,BMW
Fahrberichte,Mobilität,Fahrberichte,BMW-Modelle,BMW,Autotests,Elektroautos,SUV
Fahrberichte,Mobilität,Tests,Limousine,BMW-Modelle,Autotests
Fahrberichte,Mobilität,Fahrberichte,Motorräder,BMW Motorräder
Fahrberichte,Mobilität,Fahrberichte,Fahrtenbuch,Motorräder,Schräglage
Fahrberichte,Mobilität,Tests,BMW-Modelle,SUV,Autotests
Fahrberichte,Mobilität,Tests
Fahrberichte,Mobilität,Fahrberichte,Sportwagen,Chevrolet
Fahrberichte,Mobilität,Autotests,Citroën-Modelle,Alternative Antriebe,Elektroautos
Fahrberichte,Mobilität,Tests,Citroën-Modelle,Autotests
Fahrberichte,Mobilität,Autotests im Video
Fahrberichte,Mobilität,Fahrberichte,Autotests,Citroën-Modelle
Fahrberichte,Mobilität,Fahrberichte,Autotests,Sportwagen
Fahrberichte,Mobilität,Fahrräder,E-Bikes,Ratgeber Rad,Asien,Bosch
Fahrberichte,Mobilität,Ratgeber Rad,Fahrräder,Tests und Empfehlungen
Fahrberichte,Mobilität,Autotests,Autotests im Video
Fahrberichte,Mobilität,Fahrberichte,Elektroautos,Umweltfreundliche Fahrzeuge,Alternative Antriebe,Porsche,Autotests,Google
Fahrberichte,Mobilität,Fahrberichte,Honda-Modelle,Honda
Fahrberichte,Mobilität,Tests,Nissan-Modelle,Elektroautos,Autotests
Fahrberichte,Mobilität,Fahrberichte,Motorroller,Umweltfreundliche Fahrzeuge
Fahrberichte,Mobilität,Tests,Mercedes-Benz-Modelle,SUV,Autotests
Fahrberichte,Mobilität,Tests,Mini-Modelle,BMW-Modelle,Kleinwagen
Fahrberichte,Mobilität,Fahrberichte,Motorräder
Fahrberichte,Mobilität,Fahrberichte,Elektroautos,Fiat
Fahrberichte,Mobilität,Tests
Fahrberichte,Mobilität,Fahrberichte,Autotests,Autotests im Video,Auto
Fahrberichte,Mobilität,Tests,Fiat-Modelle,SUV,Autotests
Fahrberichte,Mobilität,Tests,Ford-Modelle,Van/Kleinbus,Autotests
Fahrberichte,Mobilität,Tests,Ford-Modelle
Fahrberichte,Mobilität,Tests,Ford-Modelle,Autotests
Fahrberichte,Mobilität,Tests,Ford-Modelle,Ford,Autotests
Fahrberichte,Mobilität,Autotests im Video
Fahrberichte,Mobilität,Autotests im Video
Fahrberichte,Mobilität,Fahrberichte,Harley-Davidson,Alternative Antriebe
Fahrberichte,Mobilität,Fahrberichte,Motorräder,Harley-Davidson,BMW
Fahrberichte,Mobilität,Autotests im Video,Autotests
Fahrberichte,Mobilität,Autotests im Video
Fahrberichte,Mobilität,Fahrberichte,Autotests,Elektroautos,Hyundai-Modelle,Hyundai
Fahrberichte,Mobilität,Tests,Jaguar-Modelle,SUV,Autotests
Fahrberichte,Mobilität,Tests,Jaguar-Modelle,Sportwagen,Autotests
Fahrberichte,Mobilität,Tests,Elektroautos,Jaguar-Modelle,Autotests
Fahrberichte,Mobilität,Tests,Jaguar-Modelle,Autotests
Fahrberichte,Mobilität,Tests,Jaguar-Modelle,Limousine,Autotests
Fahrberichte,Mobilität,Tests,SUV,Kia,Autotests
Fahrberichte,Mobilität,Fahrberichte,Autotests,Kia,Elektroautos,Hyundai
Fahrberichte,Mobilität,Tests,Kleinwagen,Kia,Autotests
Fahrberichte,Mobilität,Tests,Kia,Kleinwagen,Autotests,SUV
Fahrberichte,Mobilität,Tests,Kia,SUV,Autotests
Fahrberichte,Mobilität,Tests,IAA 2015,Mercedes-Benz-Modelle
Fahrberichte,Mobilität,Tests,Mercedes A-Klasse,Mercedes-Benz-Modelle,Autotests
Fahrberichte,Mobilität,Tests,Tuning,SUV,Autotests
Fahrberichte,Mobilität,Fahrberichte,Elektroautos,Mobilität der Zukunft,Mercedes-Benz-Modelle,Autotests
Fahrberichte,Mobilität,Tests,Mercedes-Benz-Modelle,Elektroautos,Autotests
Fahrberichte,Mobilität,Fahrberichte,Autotests,Elektroautos,Mercedes-Benz-Modelle,Daimler
Fahrberichte,Mobilität,Fahrberichte,Autotests,Mercedes-Benz-Modelle,Limousine
Fahrberichte,Mobilität,Fahrberichte,Autotests,Mercedes-Benz-Modelle
Fahrberichte,Mobilität,Autotests,Elektroautos,Mini-Modelle,Umweltfreundliche Fahrzeuge,BMW
Fahrberichte,Mobilität,Tests
Fahrberichte,Mobilität,Tests,SUV,Mini-Modelle,Autotests
Fahrberichte,Mobilität,Tests,Volvo-Modelle,SUV,Autotests
Fahrberichte,Mobilität,Tests,Mobilität der Zukunft,Elektroautos,Umweltfreundliche Fahrzeuge,Nissan-Modelle
Fahrberichte,Mobilität,Elektroautos,Nissan-Modelle,Mobilität der Zukunft
Fahrberichte,Mobilität,Fahrberichte,Autotests,Opel-Modelle,Opel
Fahrberichte,Mobilität,Fahrberichte,Opel,Opel-Modelle,Elektroautos,Alternative Antriebe
Fahrberichte,Mobilität,Tests,Opel-Modelle,SUV,Autotests
Fahrberichte,Mobilität,Fahrberichte,Autotests im Video,Autotests
Fahrberichte,Mobilität,Tests,Opel-Modelle,Van/Kleinbus,Autotests
Fahrberichte,Mobilität,Fahrberichte,Autotests,Opel-Modelle,Elektroautos
Fahrberichte,Mobilität,Tests,Opel-Modelle,SUV,Autotests
Fahrberichte,Mobilität,Tests,Peugeot-Modelle,Kleinwagen,Autotests
Fahrberichte,Mobilität,Tests,Peugeot-Modelle,Autotests
Fahrberichte,Mobilität,Fahrberichte,Motorroller,Alternative Antriebe,Umweltfreundliche Fahrzeuge,Motorräder
Fahrberichte,Mobilität,Autotests,Elektroautos,Volvo-Modelle,Alternative Antriebe,Volvo
Fahrberichte,Mobilität,Tests,Porsche-Modelle,Porsche,SUV
Fahrberichte,Mobilität,Fahrberichte,Autotests,Porsche-Modelle,Elektroautos
Fahrberichte,Mobilität,Tests,SUV,Renault-Modelle,Autotests
Fahrberichte,Mobilität,Tests,Renault-Modelle,SUV,Autotests
Fahrberichte,Mobilität,Autotests,Renault-Modelle,Renault,Elektroautos,Hybridfahrzeuge,Umweltfreundliche Fahrzeuge
Fahrberichte,Mobilität,Tests,Renault-Modelle,SUV,Autotests
Fahrberichte,Mobilität,Fahrberichte,Autotests,Renault-Modelle
Fahrberichte,Mobilität,Tests,Renault-Modelle,Geländewagen
Fahrberichte,Mobilität,Fahrberichte,Autotests,Renault-Modelle,Renault,Elektroautos,Alternative Antriebe,Umweltfreundliche Fahrzeuge,Mobilität der Zukunft
Fahrberichte,Mobilität,Fahrberichte,Autotests,Elektroautos,Renault-Modelle,Renault
Fahrberichte,Mobilität,Fahrberichte,Autotests im Video,Mobilität: Videos
Fahrberichte,Mobilität,Fahrberichte,Autotests,Seat,Seat-Modelle,Tests und Empfehlungen,Kompaktwagen,Elektroautos
Fahrberichte,Mobilität,Tests,Seat-Modelle,Kleinwagen,Autotests
Fahrberichte,Mobilität
Fahrberichte,Mobilität,Tests,Ford-Modelle
Fahrberichte,Mobilität,Tests,VW-Modelle
Fahrberichte,Mobilität,Fahrberichte,Skoda-Modelle,Autotests,Elektroautos,Familienreisen
Fahrberichte,Mobilität,Fahrberichte,Autotests,Skoda-Modelle,Skoda
Fahrberichte,Mobilität,Tests,Smart,Cabrio/Roadster,Autotests
Fahrberichte,Mobilität,Tests,Smart,Elektroautos,Autotests
Fahrberichte,Mobilität,Tests,Smart,Kleinwagen,Autotests
Fahrberichte,Mobilität,Tests,Smart,Kleinstwagen,Autotests
Fahrberichte,Mobilität,Tests,Smart,Kleinstwagen,Elektroautos
Fahrberichte,Mobilität,Autotests im Video,Autotests
Fahrberichte,Mobilität,Tests,Tesla,Elektroautos,Autotests
Fahrberichte,Mobilität,Tesla,Elektroautos,Elon Musk
Fahrberichte,Mobilität,Fahrtenbuch,Motorräder,Schräglage
Fahrberichte,Mobilität,Fahrberichte,Schräglage,Motorräder
Fahrberichte,Mobilität,Tests,SUV,Volvo-Modelle,Autotests
Fahrberichte,Mobilität,Tests,Volvo-Modelle,SUV,Autotests
Fahrberichte,Mobilität,Camping,Autotests im Video
Fahrberichte,Mobilität,Autotests,Volkswagen,Nutzfahrzeuge,VW-Modelle
Fahrberichte,Mobilität,Tests,VW Golf,Kompaktwagen,Autotests
Fahrberichte,Mobilität,Tests,VW Golf,Volkswagen,VW-Modelle
Fahrberichte,Mobilität,Tests,Kompaktwagen,VW-Modelle,Autotests
Fahrberichte,Mobilität,Fahrberichte,VW-Modelle,Volkswagen,Elektroautos
Fahrberichte,Mobilität,VW-Modelle,Elektroautos,Kompaktwagen,Autotests
Fahrberichte,Mobilität,Fahrberichte,VW-Modelle,Autotests,Elektroautos,Volkswagen,Sportwagen
Fahrberichte,Mobilität,Fahrberichte,Autotests,VW-Modelle
Fahrberichte,Mobilität,Tests,Elektroautos,VW-Modelle,Abgasaffäre bei Volkswagen,VW Bus
Fahrberichte,Mobilität,Fahrberichte,Elektroautos,Umweltfreundliche Fahrzeuge,VW-Modelle,Mobilität von morgen,Autotests
Fahrberichte,Mobilität,Autotests,VW-Modelle,VW Bus
Fahrberichte,Mobilität,Tests
Fahrberichte,Mobilität,Tests,VW-Modelle,Kleinwagen,Autotests
Fahrberichte,Mobilität,Tests,Kleinwagen,VW-Modelle,Autotests
Fahrberichte,Mobilität,Tests,Volkswagen,VW-Modelle
Fahrberichte,Mobilität,Fahrberichte,Autotests,Autotests im Video,SUV
Fahrberichte,Mobilität,Tests,SUV,VW-Modelle,Autotests
Fahrberichte,Mobilität,Autotests,VW-Modelle,VW Bus,Elektroautos
Fahrberichte,Mobilität,Tests,Van/Kleinbus,VW-Modelle,Autotests,VW Bus
Fahrberichte,Mobilität,Tests,VW-Modelle,SUV,Autotests
Fahrberichte,Mobilität,Fahrberichte,Autotests im Video,Autotests
Fahrberichte,Mobilität,Tests
Fahrberichte,Mobilität,Tests,Van/Kleinbus,VW-Modelle,Autotests
Mobilität,Tests,Fahrberichte,Audi-Modelle,Kleinwagen,Autotests
Mobilität,Fahrberichte,Autotests,Volkswagen
Mobilität,Fahrberichte,Autotests
Mobilität,Fahrberichte,Fahrberichte,Motorräder,Schräglage
Mobilität,Fahrberichte,Fahrberichte,Audi,Audi A3
Mobilität,Tests,Fahrberichte,Kompaktwagen,Audi-Modelle,Autotests
Mobilität,Fahrberichte,Autotests,Fahrberichte,Audi-Modelle,Elektroautos,Porsche,Audi
Mobilität,Tests,Fahrberichte
Mobilität,Fahrberichte,Audi,Audi-Modelle,Elektroautos,Alternative Antriebe
Mobilität,Tests,Fahrberichte,Audi-Modelle,SUV,Autotests
Mobilität,Tests,Fahrberichte,SUV,Audi-Modelle,Autotests
Mobilität,Tests,Fahrberichte
Mobilität,Tests,Fahrberichte,Audi-Modelle,SUV,Autotests
Mobilität,Fahrberichte,Autotests im Video
Mobilität,Tests,VW-Modelle,Volkswagen,Kompaktwagen
Mobilität,Tests,Fahrberichte,BMW-Modelle,Kompaktwagen,Autotests
Mobilität,Tests,Fahrberichte,BMW-Modelle,Van/Kleinbus,Autotests
Mobilität,Tests,IAA 2015,Fahrberichte,BMW-Modelle,Limousine,Autotests,Autonomes Fahren
Mobilität,Fahrberichte,Fahrberichte,BMW
Mobilität,Tests,Elektroautos,BMW-Modelle,BMW,Alternative Antriebe
Mobilität,Fahrberichte,Fahrberichte,BMW-Modelle,BMW,Autotests,Elektroautos,SUV
Mobilität,Tests,Fahrberichte,Limousine,BMW-Modelle,Autotests
Mobilität,Fahrberichte,Motorräder,BMW Motorräder,Fahrberichte
Mobilität,Fahrberichte,Fahrberichte,Fahrtenbuch,Motorräder,Schräglage
Mobilität,Tests,Fahrberichte,BMW-Modelle,SUV,Autotests
Mobilität,Tests,Fahrberichte
Mobilität,Tests,BMW-Modelle,BMW
Mobilität,Fahrberichte,Fahrberichte,Sportwagen,Chevrolet
Mobilität,Fahrberichte,Autotests,Citroën-Modelle,Alternative Antriebe,Elektroautos
Mobilität,Tests,Fahrberichte,Citroën-Modelle,Autotests
Mobilität,Fahrberichte,Autotests im Video
Mobilität,Fahrberichte,Autotests,Fahrberichte,Citroën-Modelle
Mobilität,Fahrberichte,Autotests,Sportwagen,Fahrberichte
Mobilität,Tests
Mobilität,Fahrberichte,Fahrräder,E-Bikes,Ratgeber Rad,Asien,Bosch
Mobilität,Fahrberichte,Ratgeber Rad,Fahrräder,Tests und Empfehlungen
Mobilität,Fahrberichte,Autotests,Autotests im Video
Mobilität,Fahrberichte,Elektroautos,Umweltfreundliche Fahrzeuge,Alternative Antriebe,Porsche,Autotests,Fahrberichte,Google
Mobilität,Fahrberichte,Fahrberichte,Honda-Modelle,Honda
Mobilität,Tests,Fahrberichte,Nissan-Modelle,Elektroautos,Autotests
Mobilität,Fahrberichte,Fahrberichte,Motorroller,Umweltfreundliche Fahrzeuge
Mobilität,Tests,Fahrberichte,Mercedes-Benz-Modelle,SUV,Autotests
Mobilität,Tests,Fahrberichte,Mini-Modelle,BMW-Modelle,Kleinwagen
Mobilität,Fahrberichte,Motorräder,Fahrberichte
Mobilität,Fahrberichte,Fahrberichte,Elektroautos,Fiat
Mobilität,Tests,Fahrberichte
Mobilität,Fahrberichte,Autotests,Autotests im Video,Auto,Fahrberichte
Mobilität,Tests,Fahrberichte,Fiat-Modelle,SUV,Autotests
Mobilität,Tests,Fahrberichte,Ford-Modelle,Van/Kleinbus,Autotests
Mobilität,Tests,Fahrberichte,Ford-Modelle
Mobilität,Tests,Fahrberichte,Ford-Modelle,Autotests
Mobilität,Tests,Fahrberichte,Ford-Modelle,Ford,Autotests
Mobilität,Fahrberichte,Autotests im Video
Mobilität,Fahrberichte,Autotests im Video
Mobilität,Tests,Harley-Davidson,Alternative Antriebe
Mobilität,Fahrberichte,Harley-Davidson,Fahrberichte,Alternative Antriebe
Mobilität,Fahrberichte,Motorräder,Harley-Davidson,Fahrberichte,BMW
Mobilität,Fahrberichte,Autotests im Video,Autotests
Mobilität,Fahrberichte,Autotests im Video
Mobilität,Fahrberichte,Autotests,Elektroautos,Hyundai-Modelle,Fahrberichte,Hyundai
Mobilität,Tests,Fahrberichte,Jaguar-Modelle,SUV,Autotests
Mobilität,Tests,Fahrberichte,Jaguar-Modelle,Sportwagen,Autotests
Mobilität,Tests,Fahrberichte,Elektroautos,Jaguar-Modelle,Autotests
Mobilität,Tests,Fahrberichte,Jaguar-Modelle,Autotests
Mobilität,Tests,Fahrberichte,Jaguar-Modelle,Limousine,Autotests
Mobilität,Tests,Motorräder
Mobilität,Tests,Fahrberichte,SUV,Kia,Autotests
Mobilität,Fahrberichte,Autotests,Kia,Elektroautos,Fahrberichte,Hyundai
Mobilität,Tests,Fahrberichte,Kleinwagen,Kia,Autotests
Mobilität,Tests,Fahrberichte,Kia,Kleinwagen,Autotests,SUV
Mobilität,Tests,Fahrberichte,Kia,SUV,Autotests
Mobilität,Tests,IAA 2015,Mercedes-Benz-Modelle,Fahrberichte
Mobilität,Tests,Fahrberichte,Mercedes A-Klasse,Mercedes-Benz-Modelle,Autotests
Mobilität,Tests,Fahrberichte,Tuning,SUV,Autotests
Mobilität,Fahrberichte,Elektroautos,Mobilität der Zukunft,Mercedes-Benz-Modelle,Autotests,Fahrberichte
Mobilität,Tests,Fahrberichte,Mercedes-Benz-Modelle,Elektroautos,Autotests
Mobilität,Fahrberichte,Autotests,Fahrberichte,Elektroautos,Mercedes-Benz-Modelle,Daimler
Mobilität,Fahrberichte,Autotests,Fahrberichte,Mercedes-Benz-Modelle,Limousine
Mobilität,Fahrberichte,Autotests,Fahrberichte,Mercedes-Benz-Modelle
Mobilität,Fahrberichte,Autotests,Elektroautos,Mini-Modelle,Umweltfreundliche Fahrzeuge,BMW
Mobilität,Tests,Fahrberichte
Mobilität,Tests,Fahrberichte,SUV,Mini-Modelle,Autotests
Mobilität,Tests,Fahrberichte,Volvo-Modelle,SUV,Autotests
Mobilität,Tests,Mobilität der Zukunft,Fahrberichte,Elektroautos,Umweltfreundliche Fahrzeuge,Nissan-Modelle
Mobilität,Fahrberichte,Elektroautos,Nissan-Modelle,Mobilität der Zukunft
Mobilität,Fahrberichte,Autotests,Fahrberichte,Opel-Modelle,Opel
Mobilität,Fahrberichte,Fahrberichte,Opel,Opel-Modelle,Elektroautos,Alternative Antriebe
Mobilität,Tests,Fahrberichte,Opel-Modelle,SUV,Autotests
Mobilität,Fahrberichte,Autotests im Video,Autotests,Fahrberichte
Mobilität,Tests,Fahrberichte,Opel-Modelle,Van/Kleinbus,Autotests
Mobilität,Fahrberichte,Autotests,Fahrberichte,Opel-Modelle,Elektroautos
Mobilität,Tests,Fahrberichte,Opel-Modelle,SUV,Autotests
Mobilität,Tests,Fahrberichte,Peugeot-Modelle,Kleinwagen,Autotests
Mobilität,Tests,Fahrberichte,Peugeot-Modelle,Autotests
Mobilität,Tests,Peugeot-Modelle,Peugeot Citroën,Frankreich
Mobilität,Fahrberichte,Motorroller,Alternative Antriebe,Umweltfreundliche Fahrzeuge,Motorräder,Fahrberichte
Mobilität,Fahrberichte,Autotests,Elektroautos,Volvo-Modelle,Alternative Antriebe,Volvo
Mobilität,Tests,Fahrberichte,Porsche-Modelle,Porsche,SUV
Mobilität,Fahrberichte,Autotests,Fahrberichte,Porsche-Modelle,Elektroautos
Mobilität,Tests,Porsche-Modelle,Elektroautos,Porsche,Ferdinand Piëch,Wolfgang Porsche,Ferdinand Porsche,Ferdinand Alexander Porsche
Mobilität,Tests,Fahrberichte,SUV,Renault-Modelle,Autotests
Mobilität,Tests,Fahrberichte,Renault-Modelle,SUV,Autotests
Mobilität,Fahrberichte,Autotests,Renault-Modelle,Renault,Elektroautos,Hybridfahrzeuge,Umweltfreundliche Fahrzeuge
Mobilität,Tests,Fahrberichte,Renault-Modelle,SUV,Autotests
Mobilität,Fahrberichte,Autotests,Fahrberichte,Renault-Modelle
Mobilität,Tests,Fahrberichte,Renault-Modelle,Geländewagen
Mobilität,Fahrberichte,Autotests,Fahrberichte,Renault-Modelle,Renault,Elektroautos,Alternative Antriebe,Umweltfreundliche Fahrzeuge,Mobilität der Zukunft
Mobilität,Fahrberichte,Autotests,Elektroautos,Renault-Modelle,Renault,Fahrberichte
Mobilität,Tests,Elektroautos,Renault-Modelle,Alternative Antriebe,Umweltfreundliche Fahrzeuge,Kleinwagen,Continental
Mobilität,Fahrberichte,Fahrberichte,Autotests im Video,Mobilität: Videos
Mobilität,Fahrberichte,Autotests,Seat,Seat-Modelle,Fahrberichte,Tests und Empfehlungen,Kompaktwagen,Elektroautos
Mobilität,Tests,Fahrberichte,Seat-Modelle,Kleinwagen,Autotests
Mobilität,Fahrberichte
Mobilität,Tests,Fahrberichte,Ford-Modelle
Mobilität,Tests,Fahrberichte,VW-Modelle
Mobilität,Fahrberichte,Skoda-Modelle,Fahrberichte,Autotests,Elektroautos,Familienreisen
Mobilität,Fahrberichte,Autotests,Fahrberichte,Skoda-Modelle,Skoda
Mobilität,Tests,Fahrberichte,Smart,Cabrio/Roadster,Autotests
Mobilität,Tests,Fahrberichte,Smart,Elektroautos,Autotests
Mobilität,Tests,Fahrberichte,Smart,Kleinwagen,Autotests
Mobilität,Tests,Fahrberichte,Smart,Kleinstwagen,Autotests
Mobilität,Tests,Fahrberichte,Smart,Kleinstwagen,Elektroautos
Mobilität,Fahrberichte,Autotests im Video,Autotests
Mobilität,Tests,Fahrberichte,Tesla,Elektroautos,Autotests
Mobilität,Fahrberichte,Tesla,Elektroautos,Elon Musk
Mobilität,Fahrberichte,Fahrtenbuch,Motorräder,Schräglage
Mobilität,Fahrberichte,Fahrberichte,Schräglage,Motorräder
Mobilität,Tests,Fahrberichte,SUV,Volvo-Modelle,Autotests
Mobilität,Tests,Fahrberichte,Volvo-Modelle,SUV,Autotests
Mobilität,Fahrberichte,Camping,Autotests im Video
Mobilität,Fahrberichte,Autotests,Volkswagen,Nutzfahrzeuge,VW-Modelle
Mobilität,Tests,Fahrberichte,VW Golf,Kompaktwagen,Autotests
Mobilität,Tests,VW Golf,Volkswagen,Fahrberichte,VW-Modelle
Mobilität,Tests
Mobilität,Tests,Fahrberichte,Kompaktwagen,VW-Modelle,Autotests
Mobilität,Fahrberichte,VW-Modelle,Volkswagen,Fahrberichte,Elektroautos
Mobilität,Fahrberichte,VW-Modelle,Elektroautos,Kompaktwagen,Autotests
Mobilität,Fahrberichte,Fahrberichte,VW-Modelle,Autotests,Elektroautos,Volkswagen,Sportwagen
Mobilität,Fahrberichte,Autotests,Fahrberichte,VW-Modelle
Mobilität,Tests,Fahrberichte,Elektroautos,VW-Modelle,Abgasaffäre bei Volkswagen,VW Bus
Mobilität,Fahrberichte,Elektroautos,Umweltfreundliche Fahrzeuge,VW-Modelle,Fahrberichte,Mobilität von morgen,Autotests
Mobilität,Fahrberichte,Autotests,VW-Modelle,VW Bus
Mobilität,Tests,Fahrberichte
Mobilität,Tests,Fahrberichte,VW-Modelle,Kleinwagen,Autotests
Mobilität,Tests,Fahrberichte,Kleinwagen,VW-Modelle,Autotests
Mobilität,Tests,Volkswagen,VW-Modelle,Fahrberichte
Mobilität,Fahrberichte,Autotests,Autotests im Video,Fahrberichte,SUV
Mobilität,Tests,Fahrberichte,SUV,VW-Modelle,Autotests
Mobilität,Fahrberichte,Autotests,VW-Modelle,VW Bus,Elektroautos
Mobilität,Tests,Fahrberichte,Van/Kleinbus,VW-Modelle,Autotests,VW Bus
Mobilität,Tests,Fahrberichte,VW-Modelle,SUV,Autotests
Mobilität,Fahrberichte,Autotests im Video,Autotests,Fahrberichte
Mobilität,Tests,Fahrberichte
Mobilität,Tests,Fahrberichte,Van/Kleinbus,VW-Modelle,Autotests
Autotests,Mobilität,Tests,Fahrberichte,Audi-Modelle,Kleinwagen
Autotests,Mobilität,Fahrberichte,Volkswagen
Autotests,Mobilität,Fahrberichte
Autotests,Mobilität,Tests,Fahrberichte,Kompaktwagen,Audi-Modelle
Autotests,Mobilität,Fahrberichte,Fahrberichte,Audi-Modelle,Elektroautos,Porsche,Audi
Autotests,Mobilität,Tests,Fahrberichte,Audi-Modelle,SUV
Autotests,Mobilität,Tests,Fahrberichte,SUV,Audi-Modelle
Autotests,Mobilität,Tests,Fahrberichte,Audi-Modelle,SUV
Mobilität,Fahrberichte,Autotests im Video
Autotests,Mobilität,Tests,Fahrberichte,BMW-Modelle,Kompaktwagen
Autotests,Mobilität,Tests,Fahrberichte,BMW-Modelle,Van/Kleinbus
Autotests,Mobilität,Tests,IAA 2015,Fahrberichte,BMW-Modelle,Limousine,Autonomes Fahren
Autotests,Mobilität,Fahrberichte,Fahrberichte,BMW-Modelle,BMW,Elektroautos,SUV
Autotests,Mobilität,Tests,Fahrberichte,Limousine,BMW-Modelle
Autotests,Mobilität,Tests,Fahrberichte,BMW-Modelle,SUV
Autotests,Mobilität,Fahrberichte,Citroën-Modelle,Alternative Antriebe,Elektroautos
Autotests,Mobilität,Tests,Fahrberichte,Citroën-Modelle
Mobilität,Fahrberichte,Autotests im Video
Autotests,Mobilität,Fahrberichte,Fahrberichte,Citroën-Modelle
Autotests,Mobilität,Fahrberichte,Sportwagen,Fahrberichte
Autotests,Mobilität,Fahrberichte,Autotests im Video
Autotests,Mobilität,Fahrberichte,Elektroautos,Umweltfreundliche Fahrzeuge,Alternative Antriebe,Porsche,Fahrberichte,Google
Autotests,Mobilität,Tests,Fahrberichte,Nissan-Modelle,Elektroautos
Autotests,Mobilität,Tests,Fahrberichte,Mercedes-Benz-Modelle,SUV
Autotests,Mobilität,Fahrberichte,Autotests im Video,Auto,Fahrberichte
Autotests,Mobilität,Tests,Fahrberichte,Fiat-Modelle,SUV
Autotests,Mobilität,Tests,Fahrberichte,Ford-Modelle,Van/Kleinbus
Autotests,Mobilität,Tests,Fahrberichte,Ford-Modelle
Autotests,Mobilität,Tests,Fahrberichte,Ford-Modelle,Ford
Mobilität,Fahrberichte,Autotests im Video
Mobilität,Fahrberichte,Autotests im Video
Autotests,Mobilität,Fahrberichte,Autotests im Video
Mobilität,Fahrberichte,Autotests im Video
Autotests,Mobilität,Fahrberichte,Elektroautos,Hyundai-Modelle,Fahrberichte,Hyundai
Autotests,Mobilität,Tests,Fahrberichte,Jaguar-Modelle,SUV
Autotests,Mobilität,Tests,Fahrberichte,Jaguar-Modelle,Sportwagen
Autotests,Mobilität,Tests,Fahrberichte,Elektroautos,Jaguar-Modelle
Autotests,Mobilität,Tests,Fahrberichte,Jaguar-Modelle
Autotests,Mobilität,Tests,Fahrberichte,Jaguar-Modelle,Limousine
Autotests,Mobilität,Tests,Fahrberichte,SUV,Kia
Autotests,Mobilität,Fahrberichte,Kia,Elektroautos,Fahrberichte,Hyundai
Autotests,Mobilität,Tests,Fahrberichte,Kleinwagen,Kia
Autotests,Mobilität,Tests,Fahrberichte,Kia,Kleinwagen,SUV
Autotests,Mobilität,Tests,Fahrberichte,Kia,SUV
Autotests,Mobilität,Tests,Fahrberichte,Mercedes A-Klasse,Mercedes-Benz-Modelle
Autotests,Mobilität,Tests,Fahrberichte,Tuning,SUV
Autotests,Mobilität,Fahrberichte,Elektroautos,Mobilität der Zukunft,Mercedes-Benz-Modelle,Fahrberichte
Autotests,Mobilität,Tests,Fahrberichte,Mercedes-Benz-Modelle,Elektroautos
Autotests,Mobilität,Fahrberichte,Fahrberichte,Elektroautos,Mercedes-Benz-Modelle,Daimler
Autotests,Mobilität,Fahrberichte,Fahrberichte,Mercedes-Benz-Modelle,Limousine
Autotests,Mobilität,Fahrberichte,Fahrberichte,Mercedes-Benz-Modelle
Autotests,Mobilität,Fahrberichte,Elektroautos,Mini-Modelle,Umweltfreundliche Fahrzeuge,BMW
Autotests,Mobilität,Tests,Fahrberichte,SUV,Mini-Modelle
Autotests,Mobilität,Tests,Fahrberichte,Volvo-Modelle,SUV
Autotests,Mobilität,Fahrberichte,Fahrberichte,Opel-Modelle,Opel
Autotests,Mobilität,Tests,Fahrberichte,Opel-Modelle,SUV
Autotests,Mobilität,Fahrberichte,Autotests im Video,Fahrberichte
Autotests,Mobilität,Tests,Fahrberichte,Opel-Modelle,Van/Kleinbus
Autotests,Mobilität,Fahrberichte,Fahrberichte,Opel-Modelle,Elektroautos
Autotests,Mobilität,Tests,Fahrberichte,Opel-Modelle,SUV
Autotests,Mobilität,Tests,Fahrberichte,Peugeot-Modelle,Kleinwagen
Autotests,Mobilität,Tests,Fahrberichte,Peugeot-Modelle
Autotests,Mobilität,Fahrberichte,Elektroautos,Volvo-Modelle,Alternative Antriebe,Volvo
Autotests,Mobilität,Fahrberichte,Fahrberichte,Porsche-Modelle,Elektroautos
Autotests,Mobilität,Tests,Fahrberichte,SUV,Renault-Modelle
Autotests,Mobilität,Tests,Fahrberichte,Renault-Modelle,SUV
Autotests,Mobilität,Fahrberichte,Renault-Modelle,Renault,Elektroautos,Hybridfahrzeuge,Umweltfreundliche Fahrzeuge
Autotests,Mobilität,Tests,Fahrberichte,Renault-Modelle,SUV
Autotests,Mobilität,Fahrberichte,Fahrberichte,Renault-Modelle
Autotests,Mobilität,Fahrberichte,Fahrberichte,Renault-Modelle,Renault,Elektroautos,Alternative Antriebe,Umweltfreundliche Fahrzeuge,Mobilität der Zukunft
Autotests,Mobilität,Fahrberichte,Elektroautos,Renault-Modelle,Renault,Fahrberichte
Mobilität,Fahrberichte,Fahrberichte,Autotests im Video,Mobilität: Videos
Autotests,Mobilität,Fahrberichte,Seat,Seat-Modelle,Fahrberichte,Tests und Empfehlungen,Kompaktwagen,Elektroautos
Autotests,Mobilität,Tests,Fahrberichte,Seat-Modelle,Kleinwagen
Autotests,Mobilität,Fahrberichte,Skoda-Modelle,Fahrberichte,Elektroautos,Familienreisen
Autotests,Mobilität,Fahrberichte,Fahrberichte,Skoda-Modelle,Skoda
Autotests,Mobilität,Tests,Fahrberichte,Smart,Cabrio/Roadster
Autotests,Mobilität,Tests,Fahrberichte,Smart,Elektroautos
Autotests,Mobilität,Tests,Fahrberichte,Smart,Kleinwagen
Autotests,Mobilität,Tests,Fahrberichte,Smart,Kleinstwagen
Autotests,Mobilität,Fahrberichte,Autotests im Video
Autotests,Mobilität,Tests,Fahrberichte,Tesla,Elektroautos
Autotests,Mobilität,Tests,Fahrberichte,SUV,Volvo-Modelle
Autotests,Mobilität,Tests,Fahrberichte,Volvo-Modelle,SUV
Mobilität,Fahrberichte,Camping,Autotests im Video
Autotests,Mobilität,Fahrberichte,Volkswagen,Nutzfahrzeuge,VW-Modelle
Autotests,Mobilität,Tests,Fahrberichte,VW Golf,Kompaktwagen
Autotests,Mobilität,Tests,Fahrberichte,Kompaktwagen,VW-Modelle
Autotests,Mobilität,Fahrberichte,VW-Modelle,Elektroautos,Kompaktwagen
Autotests,Mobilität,Fahrberichte,Fahrberichte,VW-Modelle,Elektroautos,Volkswagen,Sportwagen
Autotests,Mobilität,Fahrberichte,Fahrberichte,VW-Modelle
Autotests,Mobilität,Fahrberichte,Elektroautos,Umweltfreundliche Fahrzeuge,VW-Modelle,Fahrberichte,Mobilität von morgen
Autotests,Mobilität,Fahrberichte,VW-Modelle,VW Bus
Autotests,Mobilität,Tests,Fahrberichte,VW-Modelle,Kleinwagen
Autotests,Mobilität,Tests,Fahrberichte,Kleinwagen,VW-Modelle
Autotests,Mobilität,Fahrberichte,Autotests im Video,Fahrberichte,SUV
Autotests,Mobilität,Tests,Fahrberichte,SUV,VW-Modelle
Autotests,Mobilität,Fahrberichte,VW-Modelle,VW Bus,Elektroautos
Autotests,Mobilität,Tests,Fahrberichte,Van/Kleinbus,VW-Modelle,VW Bus
Autotests,Mobilität,Tests,Fahrberichte,VW-Modelle,SUV
Autotests,Mobilität,Fahrberichte,Autotests im Video,Fahrberichte
Autotests,Mobilität,Tests,Fahrberichte,Van/Kleinbus,VW-Modelle
Tests,Mobilität,Fahrberichte,Audi-Modelle,Kleinwagen,Autotests
Tests,Mobilität,Fahrberichte,Kompaktwagen,Audi-Modelle,Autotests
Tests,Mobilität,Fahrberichte
Tests,Mobilität,Fahrberichte,Audi-Modelle,SUV,Autotests
Tests,Mobilität,Fahrberichte,SUV,Audi-Modelle,Autotests
Tests,Mobilität,Fahrberichte
Tests,Mobilität,Fahrberichte,Audi-Modelle,SUV,Autotests
Tests,Mobilität,VW-Modelle,Volkswagen,Kompaktwagen
Tests,Mobilität,Fahrberichte,BMW-Modelle,Kompaktwagen,Autotests
Tests,Mobilität,Fahrberichte,BMW-Modelle,Van/Kleinbus,Autotests
Tests,Mobilität,IAA 2015,Fahrberichte,BMW-Modelle,Limousine,Autotests,Autonomes Fahren
Tests,Mobilität,Elektroautos,BMW-Modelle,BMW,Alternative Antriebe
Tests,Mobilität,Fahrberichte,Limousine,BMW-Modelle,Autotests
Tests,Mobilität,Fahrberichte,BMW-Modelle,SUV,Autotests
Tests,Mobilität,Fahrberichte
Tests,Mobilität,BMW-Modelle,BMW
Tests,Mobilität,Fahrberichte,Citroën-Modelle,Autotests
Tests,Mobilität
Mobilität,Fahrberichte,Ratgeber Rad,Fahrräder,Tests und Empfehlungen
Tests,Mobilität,Fahrberichte,Nissan-Modelle,Elektroautos,Autotests
Tests,Mobilität,Fahrberichte,Mercedes-Benz-Modelle,SUV,Autotests
Tests,Mobilität,Fahrberichte,Mini-Modelle,BMW-Modelle,Kleinwagen
Tests,Mobilität,Fahrberichte
Tests,Mobilität,Fahrberichte,Fiat-Modelle,SUV,Autotests
Tests,Mobilität,Fahrberichte,Ford-Modelle,Van/Kleinbus,Autotests
Tests,Mobilität,Fahrberichte,Ford-Modelle
Tests,Mobilität,Fahrberichte,Ford-Modelle,Autotests
Tests,Mobilität,Fahrberichte,Ford-Modelle,Ford,Autotests
Tests,Mobilität,Harley-Davidson,Alternative Antriebe
Tests,Mobilität,Fahrberichte,Jaguar-Modelle,SUV,Autotests
Tests,Mobilität,Fahrberichte,Jaguar-Modelle,Sportwagen,Autotests
Tests,Mobilität,Fahrberichte,Elektroautos,Jaguar-Modelle,Autotests
Tests,Mobilität,Fahrberichte,Jaguar-Modelle,Autotests
Tests,Mobilität,Fahrberichte,Jaguar-Modelle,Limousine,Autotests
Tests,Mobilität,Motorräder
Tests,Mobilität,Fahrberichte,SUV,Kia,Autotests
Tests,Mobilität,Fahrberichte,Kleinwagen,Kia,Autotests
Tests,Mobilität,Fahrberichte,Kia,Kleinwagen,Autotests,SUV
Tests,Mobilität,Fahrberichte,Kia,SUV,Autotests
Tests,Mobilität,IAA 2015,Mercedes-Benz-Modelle,Fahrberichte
Tests,Mobilität,Fahrberichte,Mercedes A-Klasse,Mercedes-Benz-Modelle,Autotests
Tests,Mobilität,Fahrberichte,Tuning,SUV,Autotests
Tests,Mobilität,Fahrberichte,Mercedes-Benz-Modelle,Elektroautos,Autotests
Tests,Mobilität,Fahrberichte
Tests,Mobilität,Fahrberichte,SUV,Mini-Modelle,Autotests
Tests,Mobilität,Fahrberichte,Volvo-Modelle,SUV,Autotests
Tests,Mobilität,Mobilität der Zukunft,Fahrberichte,Elektroautos,Umweltfreundliche Fahrzeuge,Nissan-Modelle
Tests,Mobilität,Fahrberichte,Opel-Modelle,SUV,Autotests
Tests,Mobilität,Fahrberichte,Opel-Modelle,Van/Kleinbus,Autotests
Tests,Mobilität,Fahrberichte,Opel-Modelle,SUV,Autotests
Tests,Mobilität,Fahrberichte,Peugeot-Modelle,Kleinwagen,Autotests
Tests,Mobilität,Fahrberichte,Peugeot-Modelle,Autotests
Tests,Mobilität,Peugeot-Modelle,Peugeot Citroën,Frankreich
Tests,Mobilität,Fahrberichte,Porsche-Modelle,Porsche,SUV
Tests,Mobilität,Porsche-Modelle,Elektroautos,Porsche,Ferdinand Piëch,Wolfgang Porsche,Ferdinand Porsche,Ferdinand Alexander Porsche
Tests,Mobilität,Fahrberichte,SUV,Renault-Modelle,Autotests
Tests,Mobilität,Fahrberichte,Renault-Modelle,SUV,Autotests
Tests,Mobilität,Fahrberichte,Renault-Modelle,SUV,Autotests
Tests,Mobilität,Fahrberichte,Renault-Modelle,Geländewagen
Tests,Mobilität,Elektroautos,Renault-Modelle,Alternative Antriebe,Umweltfreundliche Fahrzeuge,Kleinwagen,Continental
Mobilität,Fahrberichte,Autotests,Seat,Seat-Modelle,Fahrberichte,Tests und Empfehlungen,Kompaktwagen,Elektroautos
Tests,Mobilität,Fahrberichte,Seat-Modelle,Kleinwagen,Autotests
Tests,Mobilität,Fahrberichte,Ford-Modelle
Tests,Mobilität,Fahrberichte,VW-Modelle
Tests,Mobilität,Fahrberichte,Smart,Cabrio/Roadster,Autotests
Tests,Mobilität,Fahrberichte,Smart,Elektroautos,Autotests
Tests,Mobilität,Fahrberichte,Smart,Kleinwagen,Autotests
Tests,Mobilität,Fahrberichte,Smart,Kleinstwagen,Autotests
Tests,Mobilität,Fahrberichte,Smart,Kleinstwagen,Elektroautos
Tests,Mobilität,Fahrberichte,Tesla,Elektroautos,Autotests
Tests,Mobilität,Fahrberichte,SUV,Volvo-Modelle,Autotests
Tests,Mobilität,Fahrberichte,Volvo-Modelle,SUV,Autotests
Tests,Mobilität,Fahrberichte,VW Golf,Kompaktwagen,Autotests
Tests,Mobilität,VW Golf,Volkswagen,Fahrberichte,VW-Modelle
Tests,Mobilität
Tests,Mobilität,Fahrberichte,Kompaktwagen,VW-Modelle,Autotests
Tests,Mobilität,Fahrberichte,Elektroautos,VW-Modelle,Abgasaffäre bei Volkswagen,VW Bus
Tests,Mobilität,Fahrberichte
Tests,Mobilität,Fahrberichte,VW-Modelle,Kleinwagen,Autotests
Tests,Mobilität,Fahrberichte,Kleinwagen,VW-Modelle,Autotests
Tests,Mobilität,Volkswagen,VW-Modelle,Fahrberichte
Tests,Mobilität,Fahrberichte,SUV,VW-Modelle,Autotests
Tests,Mobilität,Fahrberichte,Van/Kleinbus,VW-Modelle,Autotests,VW Bus
Tests,Mobilität,Fahrberichte,VW-Modelle,SUV,Autotests
Tests,Mobilität,Fahrberichte
Tests,Mobilität,Fahrberichte,Van/Kleinbus,VW-Modelle,Autotests
Elektroautos,Mobilität,Fahrberichte,Autotests,Fahrberichte,Audi-Modelle,Porsche,Audi
Elektroautos,Mobilität,Fahrberichte,Audi,Audi-Modelle,Alternative Antriebe
Elektroautos,Mobilität,Tests,BMW-Modelle,BMW,Alternative Antriebe
Elektroautos,Mobilität,Fahrberichte,Fahrberichte,BMW-Modelle,BMW,Autotests,SUV
Elektroautos,Mobilität,Fahrberichte,Autotests,Citroën-Modelle,Alternative Antriebe
Elektroautos,Mobilität,Fahrberichte,Umweltfreundliche Fahrzeuge,Alternative Antriebe,Porsche,Autotests,Fahrberichte,Google
Elektroautos,Mobilität,Tests,Fahrberichte,Nissan-Modelle,Autotests
Elektroautos,Mobilität,Fahrberichte,Fahrberichte,Fiat
Elektroautos,Mobilität,Fahrberichte,Autotests,Hyundai-Modelle,Fahrberichte,Hyundai
Elektroautos,Mobilität,Tests,Fahrberichte,Jaguar-Modelle,Autotests
Elektroautos,Mobilität,Fahrberichte,Autotests,Kia,Fahrberichte,Hyundai
Elektroautos,Mobilität,Fahrberichte,Mobilität der Zukunft,Mercedes-Benz-Modelle,Autotests,Fahrberichte
Elektroautos,Mobilität,Tests,Fahrberichte,Mercedes-Benz-Modelle,Autotests
Elektroautos,Mobilität,Fahrberichte,Autotests,Fahrberichte,Mercedes-Benz-Modelle,Daimler
Elektroautos,Mobilität,Fahrberichte,Autotests,Mini-Modelle,Umweltfreundliche Fahrzeuge,BMW
Elektroautos,Mobilität,Tests,Mobilität der Zukunft,Fahrberichte,Umweltfreundliche Fahrzeuge,Nissan-Modelle
Elektroautos,Mobilität,Fahrberichte,Nissan-Modelle,Mobilität der Zukunft
Elektroautos,Mobilität,Fahrberichte,Fahrberichte,Opel,Opel-Modelle,Alternative Antriebe
Elektroautos,Mobilität,Fahrberichte,Autotests,Fahrberichte,Opel-Modelle
Elektroautos,Mobilität,Fahrberichte,Autotests,Volvo-Modelle,Alternative Antriebe,Volvo
Elektroautos,Mobilität,Fahrberichte,Autotests,Fahrberichte,Porsche-Modelle
Elektroautos,Mobilität,Tests,Porsche-Modelle,Porsche,Ferdinand Piëch,Wolfgang Porsche,Ferdinand Porsche,Ferdinand Alexander Porsche
Elektroautos,Mobilität,Fahrberichte,Autotests,Renault-Modelle,Renault,Hybridfahrzeuge,Umweltfreundliche Fahrzeuge
Elektroautos,Mobilität,Fahrberichte,Autotests,Fahrberichte,Renault-Modelle,Renault,Alternative Antriebe,Umweltfreundliche Fahrzeuge,Mobilität der Zukunft
Elektroautos,Mobilität,Fahrberichte,Autotests,Renault-Modelle,Renault,Fahrberichte
Elektroautos,Mobilität,Tests,Renault-Modelle,Alternative Antriebe,Umweltfreundliche Fahrzeuge,Kleinwagen,Continental
Elektroautos,Mobilität,Fahrberichte,Autotests,Seat,Seat-Modelle,Fahrberichte,Tests und Empfehlungen,Kompaktwagen
Elektroautos,Mobilität,Fahrberichte,Skoda-Modelle,Fahrberichte,Autotests,Familienreisen
Elektroautos,Mobilität,Tests,Fahrberichte,Smart,Autotests
Elektroautos,Mobilität,Tests,Fahrberichte,Smart,Kleinstwagen
Elektroautos,Mobilität,Tests,Fahrberichte,Tesla,Autotests
Elektroautos,Mobilität,Fahrberichte,Tesla,Elon Musk
Elektroautos,Mobilität,Fahrberichte,VW-Modelle,Volkswagen,Fahrberichte
Elektroautos,Mobilität,Fahrberichte,VW-Modelle,Kompaktwagen,Autotests
Elektroautos,Mobilität,Fahrberichte,Fahrberichte,VW-Modelle,Autotests,Volkswagen,Sportwagen
Elektroautos,Mobilität,Tests,Fahrberichte,VW-Modelle,Abgasaffäre bei Volkswagen,VW Bus
Elektroautos,Mobilität,Fahrberichte,Umweltfreundliche Fahrzeuge,VW-Modelle,Fahrberichte,Mobilität von morgen,Autotests
Elektroautos,Mobilität,Fahrberichte,Autotests,VW-Modelle,VW Bus
SUV,Mobilität,Tests,Fahrberichte,Audi-Modelle,Autotests
SUV,Mobilität,Tests,Fahrberichte,Audi-Modelle,Autotests
SUV,Mobilität,Tests,Fahrberichte,Audi-Modelle,Autotests
SUV,Mobilität,Fahrberichte,Fahrberichte,BMW-Modelle,BMW,Autotests,Elektroautos
SUV,Mobilität,Tests,Fahrberichte,BMW-Modelle,Autotests
SUV,Mobilität,Tests,Fahrberichte,Mercedes-Benz-Modelle,Autotests
SUV,Mobilität,Tests,Fahrberichte,Fiat-Modelle,Autotests
SUV,Mobilität,Tests,Fahrberichte,Jaguar-Modelle,Autotests
SUV,Mobilität,Tests,Fahrberichte,Kia,Autotests
SUV,Mobilität,Tests,Fahrberichte,Kia,Kleinwagen,Autotests
SUV,Mobilität,Tests,Fahrberichte,Kia,Autotests
SUV,Mobilität,Tests,Fahrberichte,Tuning,Autotests
SUV,Mobilität,Tests,Fahrberichte,Mini-Modelle,Autotests
SUV,Mobilität,Tests,Fahrberichte,Volvo-Modelle,Autotests
SUV,Mobilität,Tests,Fahrberichte,Opel-Modelle,Autotests
SUV,Mobilität,Tests,Fahrberichte,Opel-Modelle,Autotests
SUV,Mobilität,Tests,Fahrberichte,Porsche-Modelle,Porsche
SUV,Mobilität,Tests,Fahrberichte,Renault-Modelle,Autotests
SUV,Mobilität,Tests,Fahrberichte,Renault-Modelle,Autotests
SUV,Mobilität,Tests,Fahrberichte,Renault-Modelle,Autotests
SUV,Mobilität,Tests,Fahrberichte,Volvo-Modelle,Autotests
SUV,Mobilität,Tests,Fahrberichte,Volvo-Modelle,Autotests
SUV,Mobilität,Fahrberichte,Autotests,Autotests im Video,Fahrberichte
SUV,Mobilität,Tests,Fahrberichte,VW-Modelle,Autotests
SUV,Mobilität,Tests,Fahrberichte,VW-Modelle,Autotests
VW-Modelle,Mobilität,Tests,Volkswagen,Kompaktwagen
VW-Modelle,Mobilität,Tests,Fahrberichte
VW-Modelle,Mobilität,Fahrberichte,Autotests,Volkswagen,Nutzfahrzeuge
VW-Modelle,Mobilität,Tests,VW Golf,Volkswagen,Fahrberichte
VW-Modelle,Mobilität,Tests,Fahrberichte,Kompaktwagen,Autotests
VW-Modelle,Mobilität,Fahrberichte,Volkswagen,Fahrberichte,Elektroautos
VW-Modelle,Mobilität,Fahrberichte,Elektroautos,Kompaktwagen,Autotests
VW-Modelle,Mobilität,Fahrberichte,Fahrberichte,Autotests,Elektroautos,Volkswagen,Sportwagen
VW-Modelle,Mobilität,Fahrberichte,Autotests,Fahrberichte
VW-Modelle,Mobilität,Tests,Fahrberichte,Elektroautos,Abgasaffäre bei Volkswagen,VW Bus
VW-Modelle,Mobilität,Fahrberichte,Elektroautos,Umweltfreundliche Fahrzeuge,Fahrberichte,Mobilität von morgen,Autotests
VW-Modelle,Mobilität,Fahrberichte,Autotests,VW Bus
VW-Modelle,Mobilität,Tests,Fahrberichte,Kleinwagen,Autotests
VW-Modelle,Mobilität,Tests,Fahrberichte,Kleinwagen,Autotests
VW-Modelle,Mobilität,Tests,Volkswagen,Fahrberichte
VW-Modelle,Mobilität,Tests,Fahrberichte,SUV,Autotests
VW-Modelle,Mobilität,Fahrberichte,Autotests,VW Bus,Elektroautos
VW-Modelle,Mobilität,Tests,Fahrberichte,Van/Kleinbus,Autotests,VW Bus
VW-Modelle,Mobilität,Tests,Fahrberichte,SUV,Autotests
VW-Modelle,Mobilität,Tests,Fahrberichte,Van/Kleinbus,Autotests
Autotests im Video,Mobilität,Fahrberichte
Autotests im Video,Mobilität,Fahrberichte
Autotests im Video,Mobilität,Fahrberichte,Autotests
Autotests im Video,Mobilität,Fahrberichte,Autotests,Auto,Fahrberichte
Autotests im Video,Mobilität,Fahrberichte
Autotests im Video,Mobilität,Fahrberichte
Autotests im Video,Mobilität,Fahrberichte,Autotests
Autotests im Video,Mobilität,Fahrberichte
Autotests im Video,Mobilität,Fahrberichte,Autotests,Fahrberichte
Autotests im Video,Mobilität,Fahrberichte,Fahrberichte,Mobilität: Videos
Autotests im Video,Mobilität,Fahrberichte,Autotests
Autotests im Video,Mobilität,Fahrberichte,Camping
Autotests im Video,Mobilität,Fahrberichte,Autotests,Fahrberichte,SUV
Autotests im Video,Mobilität,Fahrberichte,Autotests,Fahrberichte
Alternative Antriebe,Mobilität,Fahrberichte,Audi,Audi-Modelle,Elektroautos
Alternative Antriebe,Mobilität,Tests,Elektroautos,BMW-Modelle,BMW
Alternative Antriebe,Mobilität,Fahrberichte,Autotests,Citroën-Modelle,Elektroautos
Alternative Antriebe,Mobilität,Fahrberichte,Elektroautos,Umweltfreundliche Fahrzeuge,Porsche,Autotests,Fahrberichte,Google
Alternative Antriebe,Mobilität,Tests,Harley-Davidson
Alternative Antriebe,Mobilität,Fahrberichte,Harley-Davidson,Fahrberichte
Alternative Antriebe,Mobilität,Fahrberichte,Fahrberichte,Opel,Opel-Modelle,Elektroautos
Alternative Antriebe,Mobilität,Fahrberichte,Motorroller,Umweltfreundliche Fahrzeuge,Motorräder,Fahrberichte
Alternative Antriebe,Mobilität,Fahrberichte,Autotests,Elektroautos,Volvo-Modelle,Volvo
Alternative Antriebe,Mobilität,Fahrberichte,Autotests,Fahrberichte,Renault-Modelle,Renault,Elektroautos,Umweltfreundliche Fahrzeuge,Mobilität der Zukunft
Alternative Antriebe,Mobilität,Tests,Elektroautos,Renault-Modelle,Umweltfreundliche Fahrzeuge,Kleinwagen,Continental
Kleinwagen,Mobilität,Tests,Fahrberichte,Audi-Modelle,Autotests
Kleinwagen,Mobilität,Tests,Fahrberichte,Mini-Modelle,BMW-Modelle
Kleinwagen,Mobilität,Tests,Fahrberichte,Kia,Autotests
Kleinwagen,Mobilität,Tests,Fahrberichte,Kia,Autotests,SUV
Kleinwagen,Mobilität,Tests,Fahrberichte,Peugeot-Modelle,Autotests
Kleinwagen,Mobilität,Tests,Elektroautos,Renault-Modelle,Alternative Antriebe,Umweltfreundliche Fahrzeuge,Continental
Kleinwagen,Mobilität,Tests,Fahrberichte,Seat-Modelle,Autotests
Kleinwagen,Mobilität,Tests,Fahrberichte,Smart,Autotests
Kleinwagen,Mobilität,Tests,Fahrberichte,VW-Modelle,Autotests
Kleinwagen,Mobilität,Tests,Fahrberichte,VW-Modelle,Autotests
Umweltfreundliche Fahrzeuge,Mobilität,Fahrberichte,Elektroautos,Alternative Antriebe,Porsche,Autotests,Fahrberichte,Google
Umweltfreundliche Fahrzeuge,Mobilität,Fahrberichte,Fahrberichte,Motorroller
Umweltfreundliche Fahrzeuge,Mobilität,Fahrberichte,Autotests,Elektroautos,Mini-Modelle,BMW
Umweltfreundliche Fahrzeuge,Mobilität,Tests,Mobilität der Zukunft,Fahrberichte,Elektroautos,Nissan-Modelle
Umweltfreundliche Fahrzeuge,Mobilität,Fahrberichte,Motorroller,Alternative Antriebe,Motorräder,Fahrberichte
Umweltfreundliche Fahrzeuge,Mobilität,Fahrberichte,Autotests,Renault-Modelle,Renault,Elektroautos,Hybridfahrzeuge
Umweltfreundliche Fahrzeuge,Mobilität,Fahrberichte,Autotests,Fahrberichte,Renault-Modelle,Renault,Elektroautos,Alternative Antriebe,Mobilität der Zukunft
Umweltfreundliche Fahrzeuge,Mobilität,Tests,Elektroautos,Renault-Modelle,Alternative Antriebe,Kleinwagen,Continental
Umweltfreundliche Fahrzeuge,Mobilität,Fahrberichte,Elektroautos,VW-Modelle,Fahrberichte,Mobilität von morgen,Autotests
Renault-Modelle,Mobilität,Tests,Fahrberichte,SUV,Autotests
Renault-Modelle,Mobilität,Tests,Fahrberichte,SUV,Autotests
Renault-Modelle,Mobilität,Fahrberichte,Autotests,Renault,Elektroautos,Hybridfahrzeuge,Umweltfreundliche Fahrzeuge
Renault-Modelle,Mobilität,Tests,Fahrberichte,SUV,Autotests
Renault-Modelle,Mobilität,Fahrberichte,Autotests,Fahrberichte
Renault-Modelle,Mobilität,Tests,Fahrberichte,Geländewagen
Renault-Modelle,Mobilität,Fahrberichte,Autotests,Fahrberichte,Renault,Elektroautos,Alternative Antriebe,Umweltfreundliche Fahrzeuge,Mobilität der Zukunft
Renault-Modelle,Mobilität,Fahrberichte,Autotests,Elektroautos,Renault,Fahrberichte
Renault-Modelle,Mobilität,Tests,Elektroautos,Alternative Antriebe,Umweltfreundliche Fahrzeuge,Kleinwagen,Continental
Motorräder,Mobilität,Fahrberichte,Fahrberichte,Schräglage
Motorräder,Mobilität,Fahrberichte,BMW Motorräder,Fahrberichte
Motorräder,Mobilität,Fahrberichte,Fahrberichte,Fahrtenbuch,Schräglage
Motorräder,Mobilität,Fahrberichte,Fahrberichte
Motorräder,Mobilität,Fahrberichte,Harley-Davidson,Fahrberichte,BMW
Motorräder,Mobilität,Tests
Motorräder,Mobilität,Fahrberichte,Motorroller,Alternative Antriebe,Umweltfreundliche Fahrzeuge,Fahrberichte
Motorräder,Mobilität,Fahrberichte,Fahrtenbuch,Schräglage
Motorräder,Mobilität,Fahrberichte,Fahrberichte,Schräglage
BMW-Modelle,Mobilität,Tests,Fahrberichte,Kompaktwagen,Autotests
BMW-Modelle,Mobilität,Tests,Fahrberichte,Van/Kleinbus,Autotests
BMW-Modelle,Mobilität,Tests,IAA 2015,Fahrberichte,Limousine,Autotests,Autonomes Fahren
BMW-Modelle,Mobilität,Tests,Elektroautos,BMW,Alternative Antriebe
BMW-Modelle,Mobilität,Fahrberichte,Fahrberichte,BMW,Autotests,Elektroautos,SUV
BMW-Modelle,Mobilität,Tests,Fahrberichte,Limousine,Autotests
BMW-Modelle,Mobilität,Tests,Fahrberichte,SUV,Autotests
BMW-Modelle,Mobilität,Tests,BMW
BMW-Modelle,Mobilität,Tests,Fahrberichte,Mini-Modelle,Kleinwagen
Mercedes-Benz-Modelle,Mobilität,Tests,Fahrberichte,SUV,Autotests
Mercedes-Benz-Modelle,Mobilität,Tests,IAA 2015,Fahrberichte
Mercedes-Benz-Modelle,Mobilität,Tests,Fahrberichte,Mercedes A-Klasse,Autotests
Mercedes-Benz-Modelle,Mobilität,Fahrberichte,Elektroautos,Mobilität der Zukunft,Autotests,Fahrberichte
Mercedes-Benz-Modelle,Mobilität,Tests,Fahrberichte,Elektroautos,Autotests
Mercedes-Benz-Modelle,Mobilität,Fahrberichte,Autotests,Fahrberichte,Elektroautos,Daimler
Mercedes-Benz-Modelle,Mobilität,Fahrberichte,Autotests,Fahrberichte,Limousine
Mercedes-Benz-Modelle,Mobilität,Fahrberichte,Autotests,Fahrberichte
Volkswagen,Mobilität,Fahrberichte,Autotests
Volkswagen,Mobilität,Tests,VW-Modelle,Kompaktwagen
Volkswagen,Mobilität,Fahrberichte,Autotests,Nutzfahrzeuge,VW-Modelle
Volkswagen,Mobilität,Tests,VW Golf,Fahrberichte,VW-Modelle
Volkswagen,Mobilität,Fahrberichte,VW-Modelle,Fahrberichte,Elektroautos
Volkswagen,Mobilität,Fahrberichte,Fahrberichte,VW-Modelle,Autotests,Elektroautos,Sportwagen
Mobilität,Tests,Fahrberichte,Elektroautos,VW-Modelle,Abgasaffäre bei Volkswagen,VW Bus
Volkswagen,Mobilität,Tests,VW-Modelle,Fahrberichte
Kompaktwagen,Mobilität,Tests,Fahrberichte,Audi-Modelle,Autotests
Kompaktwagen,Mobilität,Tests,VW-Modelle,Volkswagen
Kompaktwagen,Mobilität,Tests,Fahrberichte,BMW-Modelle,Autotests
Kompaktwagen,Mobilität,Fahrberichte,Autotests,Seat,Seat-Modelle,Fahrberichte,Tests und Empfehlungen,Elektroautos
Kompaktwagen,Mobilität,Tests,Fahrberichte,VW Golf,Autotests
Kompaktwagen,Mobilität,Tests,Fahrberichte,VW-Modelle,Autotests
Kompaktwagen,Mobilität,Fahrberichte,VW-Modelle,Elektroautos,Autotests
Audi-Modelle,Mobilität,Tests,Fahrberichte,Kleinwagen,Autotests
Audi-Modelle,Mobilität,Tests,Fahrberichte,Kompaktwagen,Autotests
Audi-Modelle,Mobilität,Fahrberichte,Autotests,Fahrberichte,Elektroautos,Porsche,Audi
Audi-Modelle,Mobilität,Fahrberichte,Audi,Elektroautos,Alternative Antriebe
Audi-Modelle,Mobilität,Tests,Fahrberichte,SUV,Autotests
Audi-Modelle,Mobilität,Tests,Fahrberichte,SUV,Autotests
Audi-Modelle,Mobilität,Tests,Fahrberichte,SUV,Autotests
Opel-Modelle,Mobilität,Fahrberichte,Autotests,Fahrberichte,Opel
Opel-Modelle,Mobilität,Fahrberichte,Fahrberichte,Opel,Elektroautos,Alternative Antriebe
Opel-Modelle,Mobilität,Tests,Fahrberichte,SUV,Autotests
Opel-Modelle,Mobilität,Tests,Fahrberichte,Van/Kleinbus,Autotests
Opel-Modelle,Mobilität,Fahrberichte,Autotests,Fahrberichte,Elektroautos
Opel-Modelle,Mobilität,Tests,Fahrberichte,SUV,Autotests
Mobilität,Tests,Fahrberichte,BMW-Modelle,Kompaktwagen,Autotests
Mobilität,Tests,Fahrberichte,BMW-Modelle,Van/Kleinbus,Autotests
Mobilität,Tests,IAA 2015,Fahrberichte,BMW-Modelle,Limousine,Autotests,Autonomes Fahren
BMW,Mobilität,Fahrberichte,Fahrberichte
BMW,Mobilität,Tests,Elektroautos,BMW-Modelle,Alternative Antriebe
BMW,Mobilität,Fahrberichte,Fahrberichte,BMW-Modelle,Autotests,Elektroautos,SUV
Mobilität,Tests,Fahrberichte,Limousine,BMW-Modelle,Autotests
Mobilität,Fahrberichte,Motorräder,BMW Motorräder,Fahrberichte
Mobilität,Tests,Fahrberichte,BMW-Modelle,SUV,Autotests
BMW,Mobilität,Tests,BMW-Modelle
Mobilität,Tests,Fahrberichte,Mini-Modelle,BMW-Modelle,Kleinwagen
BMW,Mobilität,Fahrberichte,Motorräder,Harley-Davidson,Fahrberichte
BMW,Mobilität,Fahrberichte,Autotests,Elektroautos,Mini-Modelle,Umweltfreundliche Fahrzeuge
Smart,Mobilität,Tests,Fahrberichte,Cabrio/Roadster,Autotests
Smart,Mobilität,Tests,Fahrberichte,Elektroautos,Autotests
Smart,Mobilität,Tests,Fahrberichte,Kleinwagen,Autotests
Smart,Mobilität,Tests,Fahrberichte,Kleinstwagen,Autotests
Smart,Mobilität,Tests,Fahrberichte,Kleinstwagen,Elektroautos
Kia,Mobilität,Tests,Fahrberichte,SUV,Autotests
Kia,Mobilität,Fahrberichte,Autotests,Elektroautos,Fahrberichte,Hyundai
Kia,Mobilität,Tests,Fahrberichte,Kleinwagen,Autotests
Kia,Mobilität,Tests,Fahrberichte,Kleinwagen,Autotests,SUV
Kia,Mobilität,Tests,Fahrberichte,SUV,Autotests
Jaguar-Modelle,Mobilität,Tests,Fahrberichte,SUV,Autotests
Jaguar-Modelle,Mobilität,Tests,Fahrberichte,Sportwagen,Autotests
Jaguar-Modelle,Mobilität,Tests,Fahrberichte,Elektroautos,Autotests
Jaguar-Modelle,Mobilität,Tests,Fahrberichte,Autotests
Jaguar-Modelle,Mobilität,Tests,Fahrberichte,Limousine,Autotests
Ford-Modelle,Mobilität,Tests,Fahrberichte,Van/Kleinbus,Autotests
Ford-Modelle,Mobilität,Tests,Fahrberichte
Ford-Modelle,Mobilität,Tests,Fahrberichte,Autotests
Ford-Modelle,Mobilität,Tests,Fahrberichte,Ford,Autotests
Ford-Modelle,Mobilität,Tests,Fahrberichte
Volvo-Modelle,Mobilität,Tests,Fahrberichte,SUV,Autotests
Volvo-Modelle,Mobilität,Fahrberichte,Autotests,Elektroautos,Alternative Antriebe,Volvo
Volvo-Modelle,Mobilität,Tests,Fahrberichte,SUV,Autotests
Volvo-Modelle,Mobilität,Tests,Fahrberichte,SUV,Autotests
VW Bus,Mobilität,Tests,Fahrberichte,Elektroautos,VW-Modelle,Abgasaffäre bei Volkswagen
VW Bus,Mobilität,Fahrberichte,Autotests,VW-Modelle
VW Bus,Mobilität,Fahrberichte,Autotests,VW-Modelle,Elektroautos
VW Bus,Mobilität,Tests,Fahrberichte,Van/Kleinbus,VW-Modelle,Autotests
Sportwagen,Mobilität,Fahrberichte,Fahrberichte,Chevrolet
Sportwagen,Mobilität,Fahrberichte,Autotests,Fahrberichte
Sportwagen,Mobilität,Tests,Fahrberichte,Jaguar-Modelle,Autotests
Sportwagen,Mobilität,Fahrberichte,Fahrberichte,VW-Modelle,Autotests,Elektroautos,Volkswagen
Schräglage,Mobilität,Fahrberichte,Fahrberichte,Motorräder
Schräglage,Mobilität,Fahrberichte,Fahrberichte,Fahrtenbuch,Motorräder
Schräglage,Mobilität,Fahrberichte,Fahrtenbuch,Motorräder
Schräglage,Mobilität,Fahrberichte,Fahrberichte,Motorräder
Porsche,Mobilität,Fahrberichte,Autotests,Fahrberichte,Audi-Modelle,Elektroautos,Audi
Porsche,Mobilität,Fahrberichte,Elektroautos,Umweltfreundliche Fahrzeuge,Alternative Antriebe,Autotests,Fahrberichte,Google
Porsche,Mobilität,Tests,Fahrberichte,Porsche-Modelle,SUV
Mobilität,Fahrberichte,Autotests,Fahrberichte,Porsche-Modelle,Elektroautos
Porsche,Mobilität,Tests,Porsche-Modelle,Elektroautos,Ferdinand Piëch,Wolfgang Porsche,Ferdinand Porsche,Ferdinand Alexander Porsche
Mobilität der Zukunft,Mobilität,Fahrberichte,Elektroautos,Mercedes-Benz-Modelle,Autotests,Fahrberichte
Mobilität der Zukunft,Mobilität,Tests,Fahrberichte,Elektroautos,Umweltfreundliche Fahrzeuge,Nissan-Modelle
Mobilität der Zukunft,Mobilität,Fahrberichte,Elektroautos,Nissan-Modelle
Mobilität der Zukunft,Mobilität,Fahrberichte,Autotests,Fahrberichte,Renault-Modelle,Renault,Elektroautos,Alternative Antriebe,Umweltfreundliche Fahrzeuge
Limousine,Mobilität,Tests,IAA 2015,Fahrberichte,BMW-Modelle,Autotests,Autonomes Fahren
Limousine,Mobilität,Tests,Fahrberichte,BMW-Modelle,Autotests
Limousine,Mobilität,Tests,Fahrberichte,Jaguar-Modelle,Autotests
Limousine,Mobilität,Fahrberichte,Autotests,Fahrberichte,Mercedes-Benz-Modelle
Mobilität,Tests,Fahrberichte,SUV,Renault-Modelle,Autotests
Mobilität,Tests,Fahrberichte,Renault-Modelle,SUV,Autotests
Renault,Mobilität,Fahrberichte,Autotests,Renault-Modelle,Elektroautos,Hybridfahrzeuge,Umweltfreundliche Fahrzeuge
Mobilität,Tests,Fahrberichte,Renault-Modelle,SUV,Autotests
Mobilität,Fahrberichte,Autotests,Fahrberichte,Renault-Modelle
Mobilität,Tests,Fahrberichte,Renault-Modelle,Geländewagen
Renault,Mobilität,Fahrberichte,Autotests,Fahrberichte,Renault-Modelle,Elektroautos,Alternative Antriebe,Umweltfreundliche Fahrzeuge,Mobilität der Zukunft
Renault,Mobilität,Fahrberichte,Autotests,Elektroautos,Renault-Modelle,Fahrberichte
Mobilität,Tests,Elektroautos,Renault-Modelle,Alternative Antriebe,Umweltfreundliche Fahrzeuge,Kleinwagen,Continental
Porsche-Modelle,Mobilität,Tests,Fahrberichte,Porsche,SUV
Porsche-Modelle,Mobilität,Fahrberichte,Autotests,Fahrberichte,Elektroautos
Porsche-Modelle,Mobilität,Tests,Elektroautos,Porsche,Ferdinand Piëch,Wolfgang Porsche,Ferdinand Porsche,Ferdinand Alexander Porsche
Peugeot-Modelle,Mobilität,Tests,Fahrberichte,Kleinwagen,Autotests
Peugeot-Modelle,Mobilität,Tests,Fahrberichte,Autotests
Peugeot-Modelle,Mobilität,Tests,Peugeot Citroën,Frankreich
Nissan-Modelle,Mobilität,Tests,Fahrberichte,Elektroautos,Autotests
Nissan-Modelle,Mobilität,Tests,Mobilität der Zukunft,Fahrberichte,Elektroautos,Umweltfreundliche Fahrzeuge
Nissan-Modelle,Mobilität,Fahrberichte,Elektroautos,Mobilität der Zukunft
Mini-Modelle,Mobilität,Tests,Fahrberichte,BMW-Modelle,Kleinwagen
Mini-Modelle,Mobilität,Fahrberichte,Autotests,Elektroautos,Umweltfreundliche Fahrzeuge,BMW
Mini-Modelle,Mobilität,Tests,Fahrberichte,SUV,Autotests
Harley-Davidson,Mobilität,Tests,Alternative Antriebe
Harley-Davidson,Mobilität,Fahrberichte,Fahrberichte,Alternative Antriebe
Harley-Davidson,Mobilität,Fahrberichte,Motorräder,Fahrberichte,BMW
Citroën-Modelle,Mobilität,Fahrberichte,Autotests,Alternative Antriebe,Elektroautos
Citroën-Modelle,Mobilität,Tests,Fahrberichte,Autotests
Citroën-Modelle,Mobilität,Fahrberichte,Autotests,Fahrberichte
Mobilität,Tests,Fahrberichte,Audi-Modelle,Kleinwagen,Autotests
Audi,Mobilität,Fahrberichte,Fahrberichte,Audi A3
Mobilität,Tests,Fahrberichte,Kompaktwagen,Audi-Modelle,Autotests
Audi,Mobilität,Fahrberichte,Autotests,Fahrberichte,Audi-Modelle,Elektroautos,Porsche
Audi,Mobilität,Fahrberichte,Audi-Modelle,Elektroautos,Alternative Antriebe
Mobilität,Tests,Fahrberichte,Audi-Modelle,SUV,Autotests
Mobilität,Tests,Fahrberichte,SUV,Audi-Modelle,Autotests
Mobilität,Tests,Fahrberichte,Audi-Modelle,SUV,Autotests
VW Golf,Mobilität,Tests,Fahrberichte,Kompaktwagen,Autotests
VW Golf,Mobilität,Tests,Volkswagen,Fahrberichte,VW-Modelle
Tests und Empfehlungen,Mobilität,Fahrberichte,Ratgeber Rad,Fahrräder
Tests und Empfehlungen,Mobilität,Fahrberichte,Autotests,Seat,Seat-Modelle,Fahrberichte,Kompaktwagen,Elektroautos
Tesla,Mobilität,Tests,Fahrberichte,Elektroautos,Autotests
Tesla,Mobilität,Fahrberichte,Elektroautos,Elon Musk
Skoda-Modelle,Mobilität,Fahrberichte,Fahrberichte,Autotests,Elektroautos,Familienreisen
Skoda-Modelle,Mobilität,Fahrberichte,Autotests,Fahrberichte,Skoda
Seat-Modelle,Mobilität,Fahrberichte,Autotests,Seat,Fahrberichte,Tests und Empfehlungen,Kompaktwagen,Elektroautos
Seat-Modelle,Mobilität,Tests,Fahrberichte,Kleinwagen,Autotests
Ratgeber Rad,Mobilität,Fahrberichte,Fahrräder,E-Bikes,Asien,Bosch
Ratgeber Rad,Mobilität,Fahrberichte,Fahrräder,Tests und Empfehlungen
Opel,Mobilität,Fahrberichte,Autotests,Fahrberichte,Opel-Modelle
Opel,Mobilität,Fahrberichte,Fahrberichte,Opel-Modelle,Elektroautos,Alternative Antriebe
Mobilität,Tests,Fahrberichte,Opel-Modelle,SUV,Autotests
Mobilität,Tests,Fahrberichte,Opel-Modelle,Van/Kleinbus,Autotests
Mobilität,Fahrberichte,Autotests,Fahrberichte,Opel-Modelle,Elektroautos
Mobilität,Tests,Fahrberichte,Opel-Modelle,SUV,Autotests
Motorroller,Mobilität,Fahrberichte,Fahrberichte,Umweltfreundliche Fahrzeuge
Motorroller,Mobilität,Fahrberichte,Alternative Antriebe,Umweltfreundliche Fahrzeuge,Motorräder,Fahrberichte
Kleinstwagen,Mobilität,Tests,Fahrberichte,Smart,Autotests
Kleinstwagen,Mobilität,Tests,Fahrberichte,Smart,Elektroautos
IAA 2015,Mobilität,Tests,Fahrberichte,BMW-Modelle,Limousine,Autotests,Autonomes Fahren
IAA 2015,Mobilität,Tests,Mercedes-Benz-Modelle,Fahrberichte
Hyundai,Mobilität,Fahrberichte,Autotests,Elektroautos,Hyundai-Modelle,Fahrberichte
Hyundai,Mobilität,Fahrberichte,Autotests,Kia,Elektroautos,Fahrberichte
Fahrtenbuch,Mobilität,Fahrberichte,Fahrberichte,Motorräder,Schräglage
Fahrtenbuch,Mobilität,Fahrberichte,Motorräder,Schräglage
Fahrräder,Mobilität,Fahrberichte,E-Bikes,Ratgeber Rad,Asien,Bosch
Fahrräder,Mobilität,Fahrberichte,Ratgeber Rad,Tests und Empfehlungen
Wolfgang Porsche,Mobilität,Tests,Porsche-Modelle,Elektroautos,Porsche,Ferdinand Piëch,Ferdinand Porsche,Ferdinand Alexander Porsche
Mobilität,Tests,Fahrberichte,Volvo-Modelle,SUV,Autotests
Volvo,Mobilität,Fahrberichte,Autotests,Elektroautos,Volvo-Modelle,Alternative Antriebe
Mobilität,Tests,Fahrberichte,SUV,Volvo-Modelle,Autotests
Mobilität,Tests,Fahrberichte,Volvo-Modelle,SUV,Autotests
Tuning,Mobilität,Tests,Fahrberichte,SUV,Autotests
Mobilität,Fahrberichte,Skoda-Modelle,Fahrberichte,Autotests,Elektroautos,Familienreisen
Skoda,Mobilität,Fahrberichte,Autotests,Fahrberichte,Skoda-Modelle
Seat,Mobilität,Fahrberichte,Autotests,Seat-Modelle,Fahrberichte,Tests und Empfehlungen,Kompaktwagen,Elektroautos
Mobilität,Tests,Fahrberichte,Seat-Modelle,Kleinwagen,Autotests
Peugeot Citroën,Mobilität,Tests,Peugeot-Modelle,Frankreich
Nutzfahrzeuge,Mobilität,Fahrberichte,Autotests,Volkswagen,VW-Modelle
Mobilität: Videos,Mobilität,Fahrberichte,Fahrberichte,Autotests im Video
Mobilität von morgen,Mobilität,Fahrberichte,Elektroautos,Umweltfreundliche Fahrzeuge,VW-Modelle,Fahrberichte,Autotests
Mercedes A-Klasse,Mobilität,Tests,Fahrberichte,Mercedes-Benz-Modelle,Autotests
Hyundai-Modelle,Mobilität,Fahrberichte,Autotests,Elektroautos,Fahrberichte,Hyundai
Hybridfahrzeuge,Mobilität,Fahrberichte,Autotests,Renault-Modelle,Renault,Elektroautos,Umweltfreundliche Fahrzeuge
Honda-Modelle,Mobilität,Fahrberichte,Fahrberichte,Honda
Honda,Mobilität,Fahrberichte,Fahrberichte,Honda-Modelle
Google,Mobilität,Fahrberichte,Elektroautos,Umweltfreundliche Fahrzeuge,Alternative Antriebe,Porsche,Autotests,Fahrberichte
Geländewagen,Mobilität,Tests,Fahrberichte,Renault-Modelle
Frankreich,Mobilität,Tests,Peugeot-Modelle,Peugeot Citroën
Mobilität,Tests,Fahrberichte,Ford-Modelle,Van/Kleinbus,Autotests
Mobilität,Tests,Fahrberichte,Ford-Modelle
Mobilität,Tests,Fahrberichte,Ford-Modelle,Autotests
Ford,Mobilität,Tests,Fahrberichte,Ford-Modelle,Autotests
Mobilität,Tests,Fahrberichte,Ford-Modelle
Fiat-Modelle,Mobilität,Tests,Fahrberichte,SUV,Autotests
Fiat,Mobilität,Fahrberichte,Fahrberichte,Elektroautos
Mobilität,Tests,Fahrberichte,Fiat-Modelle,SUV,Autotests
Ferdinand Porsche,Mobilität,Tests,Porsche-Modelle,Elektroautos,Porsche,Ferdinand Piëch,Wolfgang Porsche,Ferdinand Alexander Porsche
Ferdinand Piëch,Mobilität,Tests,Porsche-Modelle,Elektroautos,Porsche,Wolfgang Porsche,Ferdinand Porsche,Ferdinand Alexander Porsche
Ferdinand Alexander Porsche,Mobilität,Tests,Porsche-Modelle,Elektroautos,Porsche,Ferdinand Piëch,Wolfgang Porsche,Ferdinand Porsche
Familienreisen,Mobilität,Fahrberichte,Skoda-Modelle,Fahrberichte,Autotests,Elektroautos
Elon Musk,Mobilität,Fahrberichte,Tesla,Elektroautos
E-Bikes,Mobilität,Fahrberichte,Fahrräder,Ratgeber Rad,Asien,Bosch
Daimler,Mobilität,Fahrberichte,Autotests,Fahrberichte,Elektroautos,Mercedes-Benz-Modelle
Continental,Mobilität,Tests,Elektroautos,Renault-Modelle,Alternative Antriebe,Umweltfreundliche Fahrzeuge,Kleinwagen
Chevrolet,Mobilität,Fahrberichte,Fahrberichte,Sportwagen
Camping,Mobilität,Fahrberichte,Autotests im Video
Bosch,Mobilität,Fahrberichte,Fahrräder,E-Bikes,Ratgeber Rad,Asien
BMW Motorräder,Mobilität,Fahrberichte,Motorräder,Fahrberichte
Autonomes Fahren,Mobilität,Tests,IAA 2015,Fahrberichte,BMW-Modelle,Limousine,Autotests
Mobilität,Tests,Fahrberichte,Audi-Modelle,Kleinwagen,Autotests
Mobilität,Fahrberichte,Autotests,Volkswagen
Mobilität,Fahrberichte,Autotests
Mobilität,Tests,Fahrberichte,Kompaktwagen,Audi-Modelle,Autotests
Mobilität,Fahrberichte,Autotests,Fahrberichte,Audi-Modelle,Elektroautos,Porsche,Audi
Mobilität,Tests,Fahrberichte,Audi-Modelle,SUV,Autotests
Mobilität,Tests,Fahrberichte,SUV,Audi-Modelle,Autotests
Mobilität,Tests,Fahrberichte,Audi-Modelle,SUV,Autotests
Mobilität,Fahrberichte,Autotests im Video
Mobilität,Tests,Fahrberichte,BMW-Modelle,Kompaktwagen,Autotests
Mobilität,Tests,Fahrberichte,BMW-Modelle,Van/Kleinbus,Autotests
Mobilität,Tests,IAA 2015,Fahrberichte,BMW-Modelle,Limousine,Autotests,Autonomes Fahren
Mobilität,Fahrberichte,Fahrberichte,BMW-Modelle,BMW,Autotests,Elektroautos,SUV
Mobilität,Tests,Fahrberichte,Limousine,BMW-Modelle,Autotests
Mobilität,Tests,Fahrberichte,BMW-Modelle,SUV,Autotests
Mobilität,Fahrberichte,Autotests,Citroën-Modelle,Alternative Antriebe,Elektroautos
Mobilität,Tests,Fahrberichte,Citroën-Modelle,Autotests
Mobilität,Fahrberichte,Autotests im Video
Mobilität,Fahrberichte,Autotests,Fahrberichte,Citroën-Modelle
Mobilität,Fahrberichte,Autotests,Sportwagen,Fahrberichte
Mobilität,Fahrberichte,Autotests,Autotests im Video
Mobilität,Fahrberichte,Elektroautos,Umweltfreundliche Fahrzeuge,Alternative Antriebe,Porsche,Autotests,Fahrberichte,Google
Mobilität,Tests,Fahrberichte,Nissan-Modelle,Elektroautos,Autotests
Mobilität,Tests,Fahrberichte,Mercedes-Benz-Modelle,SUV,Autotests
Auto,Mobilität,Fahrberichte,Autotests,Autotests im Video,Fahrberichte
Mobilität,Tests,Fahrberichte,Fiat-Modelle,SUV,Autotests
Mobilität,Tests,Fahrberichte,Ford-Modelle,Van/Kleinbus,Autotests
Mobilität,Tests,Fahrberichte,Ford-Modelle,Autotests
Mobilität,Tests,Fahrberichte,Ford-Modelle,Ford,Autotests
Mobilität,Fahrberichte,Autotests im Video
Mobilität,Fahrberichte,Autotests im Video
Mobilität,Fahrberichte,Autotests im Video,Autotests
Mobilität,Fahrberichte,Autotests im Video
Mobilität,Fahrberichte,Autotests,Elektroautos,Hyundai-Modelle,Fahrberichte,Hyundai
Mobilität,Tests,Fahrberichte,Jaguar-Modelle,SUV,Autotests
Mobilität,Tests,Fahrberichte,Jaguar-Modelle,Sportwagen,Autotests
Mobilität,Tests,Fahrberichte,Elektroautos,Jaguar-Modelle,Autotests
Mobilität,Tests,Fahrberichte,Jaguar-Modelle,Autotests
Mobilität,Tests,Fahrberichte,Jaguar-Modelle,Limousine,Autotests
Mobilität,Tests,Fahrberichte,SUV,Kia,Autotests
Mobilität,Fahrberichte,Autotests,Kia,Elektroautos,Fahrberichte,Hyundai
Mobilität,Tests,Fahrberichte,Kleinwagen,Kia,Autotests
Mobilität,Tests,Fahrberichte,Kia,Kleinwagen,Autotests,SUV
Mobilität,Tests,Fahrberichte,Kia,SUV,Autotests
Mobilität,Tests,Fahrberichte,Mercedes A-Klasse,Mercedes-Benz-Modelle,Autotests
Mobilität,Tests,Fahrberichte,Tuning,SUV,Autotests
Mobilität,Fahrberichte,Elektroautos,Mobilität der Zukunft,Mercedes-Benz-Modelle,Autotests,Fahrberichte
Mobilität,Tests,Fahrberichte,Mercedes-Benz-Modelle,Elektroautos,Autotests
Mobilität,Fahrberichte,Autotests,Fahrberichte,Elektroautos,Mercedes-Benz-Modelle,Daimler
Mobilität,Fahrberichte,Autotests,Fahrberichte,Mercedes-Benz-Modelle,Limousine
Mobilität,Fahrberichte,Autotests,Fahrberichte,Mercedes-Benz-Modelle
Mobilität,Fahrberichte,Autotests,Elektroautos,Mini-Modelle,Umweltfreundliche Fahrzeuge,BMW
Mobilität,Tests,Fahrberichte,SUV,Mini-Modelle,Autotests
Mobilität,Tests,Fahrberichte,Volvo-Modelle,SUV,Autotests
Mobilität,Fahrberichte,Autotests,Fahrberichte,Opel-Modelle,Opel
Mobilität,Tests,Fahrberichte,Opel-Modelle,SUV,Autotests
Mobilität,Fahrberichte,Autotests im Video,Autotests,Fahrberichte
Mobilität,Tests,Fahrberichte,Opel-Modelle,Van/Kleinbus,Autotests
Mobilität,Fahrberichte,Autotests,Fahrberichte,Opel-Modelle,Elektroautos
Mobilität,Tests,Fahrberichte,Opel-Modelle,SUV,Autotests
Mobilität,Tests,Fahrberichte,Peugeot-Modelle,Kleinwagen,Autotests
Mobilität,Tests,Fahrberichte,Peugeot-Modelle,Autotests
Mobilität,Fahrberichte,Autotests,Elektroautos,Volvo-Modelle,Alternative Antriebe,Volvo
Mobilität,Fahrberichte,Autotests,Fahrberichte,Porsche-Modelle,Elektroautos
Mobilität,Tests,Fahrberichte,SUV,Renault-Modelle,Autotests
Mobilität,Tests,Fahrberichte,Renault-Modelle,SUV,Autotests
Mobilität,Fahrberichte,Autotests,Renault-Modelle,Renault,Elektroautos,Hybridfahrzeuge,Umweltfreundliche Fahrzeuge
Mobilität,Tests,Fahrberichte,Renault-Modelle,SUV,Autotests
Mobilität,Fahrberichte,Autotests,Fahrberichte,Renault-Modelle
Mobilität,Fahrberichte,Autotests,Fahrberichte,Renault-Modelle,Renault,Elektroautos,Alternative Antriebe,Umweltfreundliche Fahrzeuge,Mobilität der Zukunft
Mobilität,Fahrberichte,Autotests,Elektroautos,Renault-Modelle,Renault,Fahrberichte
Mobilität,Fahrberichte,Fahrberichte,Autotests im Video,Mobilität: Videos
Mobilität,Fahrberichte,Autotests,Seat,Seat-Modelle,Fahrberichte,Tests und Empfehlungen,Kompaktwagen,Elektroautos
Mobilität,Tests,Fahrberichte,Seat-Modelle,Kleinwagen,Autotests
Mobilität,Fahrberichte,Skoda-Modelle,Fahrberichte,Autotests,Elektroautos,Familienreisen
Mobilität,Fahrberichte,Autotests,Fahrberichte,Skoda-Modelle,Skoda
Mobilität,Tests,Fahrberichte,Smart,Cabrio/Roadster,Autotests
Mobilität,Tests,Fahrberichte,Smart,Elektroautos,Autotests
Mobilität,Tests,Fahrberichte,Smart,Kleinwagen,Autotests
Mobilität,Tests,Fahrberichte,Smart,Kleinstwagen,Autotests
Mobilität,Fahrberichte,Autotests im Video,Autotests
Mobilität,Tests,Fahrberichte,Tesla,Elektroautos,Autotests
Mobilität,Tests,Fahrberichte,SUV,Volvo-Modelle,Autotests
Mobilität,Tests,Fahrberichte,Volvo-Modelle,SUV,Autotests
Mobilität,Fahrberichte,Camping,Autotests im Video
Mobilität,Fahrberichte,Autotests,Volkswagen,Nutzfahrzeuge,VW-Modelle
Mobilität,Tests,Fahrberichte,VW Golf,Kompaktwagen,Autotests
Mobilität,Tests,Fahrberichte,Kompaktwagen,VW-Modelle,Autotests
Mobilität,Fahrberichte,VW-Modelle,Elektroautos,Kompaktwagen,Autotests
Mobilität,Fahrberichte,Fahrberichte,VW-Modelle,Autotests,Elektroautos,Volkswagen,Sportwagen
Mobilität,Fahrberichte,Autotests,Fahrberichte,VW-Modelle
Mobilität,Fahrberichte,Elektroautos,Umweltfreundliche Fahrzeuge,VW-Modelle,Fahrberichte,Mobilität von morgen,Autotests
Mobilität,Fahrberichte,Autotests,VW-Modelle,VW Bus
Mobilität,Tests,Fahrberichte,VW-Modelle,Kleinwagen,Autotests
Mobilität,Tests,Fahrberichte,Kleinwagen,VW-Modelle,Autotests
Mobilität,Fahrberichte,Autotests,Autotests im Video,Fahrberichte,SUV
Mobilität,Tests,Fahrberichte,SUV,VW-Modelle,Autotests
Mobilität,Fahrberichte,Autotests,VW-Modelle,VW Bus,Elektroautos
Mobilität,Tests,Fahrberichte,Van/Kleinbus,VW-Modelle,Autotests,VW Bus
Mobilität,Tests,Fahrberichte,VW-Modelle,SUV,Autotests
Mobilität,Fahrberichte,Autotests im Video,Autotests,Fahrberichte
Mobilität,Tests,Fahrberichte,Van/Kleinbus,VW-Modelle,Autotests
Audi A3,Mobilität,Fahrberichte,Fahrberichte,Audi
Asien,Mobilität,Fahrberichte,Fahrräder,E-Bikes,Ratgeber Rad,Bosch
Abgasaffäre bei Volkswagen,Mobilität,Tests,Fahrberichte,Elektroautos,VW-Modelle,VW Bus
