Themen;Titel der Seiten ;Dokumentenart;Autor/Herausgeber?
Eilenriede;Stadtwald;;
Stadtwald;Wälder. Die Waldflächen im Stadtgebiet-Eilenriede, Tiergarten, Seelhorster Wald und Mecklenheider Forst;Website;Wälder und Forsten
Stadtwald;Die Eilenriede. Einer der bedeutendsten Stadtwälder Europas im Herzen von Hannover hat jede Menge zu bieten.;Website;Wälder und Forsten
Stadtwald;Die Eilenriede ;Broschüre;Bereich Forsten, Landschaftsräume und Naturschutz
Stadtwald;Eilenriede im Ohr. 11 Höhrstadtionen im hannoverschen Stadtwald;Website;Fachbereich Umwelt und Stadtgrün, Region Hannover: Fachbereich Planung und Raumordnung
Stadtwald;Eilenriede im Ohr. ;Flyer;Fachbereich Umwelt und Stadtgrün, Region Hannover: Fachbereich Planung und Raumordnung
Eilenriede;Orientierung im Wald;;
Orientierung im Wald;Rettungspunkte lotsen Einsatzkräfte zum Unglücksort;Website;Autor unbekannt
Orientierung im Wald;Eilenriedekarte. Naherholung in der Stadt;Flyer;Bereich Forsten, Landschaftsräume und Naturschutz
Orientierung im Wald;Neue Eingangsschilder bieten in der Eilenriede Orientierung;Website;Wälder und Forsten
Eilenriede;Historie;;
Historie;650 Jahre Eilenriede;Website;Fachbereich Umwelt und Stadtgrün
Historie;Auf Zeitreise: 650 Jahre Eilenriede als hannoverscher Stadtwald;Website;Autor unbekannt
Historie;"650 Jahre Eilenriede: ein ""grüner Faden"" zur Geschichte und Entwicklung entlang des Walter-Mayer-Wegs nahe Petrikirch (Kleefeld)";Tafel;Autor unbekannt
Historie;Hannovers >lustige Höltzung< Kleine Kulturgeschichte der Eilenriede;Broschüre;Bereich Forsten, Landschaftsräume und Naturschutz
Eilenriede;Eilenriedebeirat;;
Eilenriedebeirat;Der Eilenriedebeirat. Hüter des Stadtwaldes in Hannover ;Website;Geschäftsstelle Eilenriedebeirat 
Eilenriedebeirat;Neuer Vorsitz des Eilenriedebeirats gewählt;Website;Geschäftsstelle Eilenriedebeirat 
Eilenriedebeirat;Die Eilenriede - Hannovers Stadtwald und der Eilenriedebeirat;Broschüre;Fachbereich Umwelt und Stadtgrün, Gottfried Wilhelm Leibniz Univesität Hannover: Institut für Landschaftsarchitektur (ILA)
Eilenriedebeirat;Die Mitglieder des Eilenriedebeirats 2022;Veröffentlichung;Autor unbekannt
Eilenriedebeirat;Satzung über die Erhaltung der Eilenriede vom 11. Oktober 1956;Veröffentlichung;Autor unbekannt
Eilenriede;Waldstation;;
Waldstation;Waldstation Eilenriede. Über uns. 27 Erlebnis-Stationen gewähren Einblicke in die Tier- und Pflanzenwelt der Eilenriede;Website;Autor unbekannt
Waldstation;Die Waldstation Eilenriede. Ein Projekt zur Bildung für nachhhaltige Entwicklung (BNE);Flyer;Waldstation Eilenriede
Waldstation;Die Waldstation Eilenriede;Karte;Autor unbekannt
Waldstation;Der Baumlehrpfad. Natur erleben im Stadtwald;Flyer;Waldstation Eilenriede
Waldstation;Heil-und Giftpflanzen. Natur erleben im Stadtwald;Broschüre;Waldstation Eilenriede
Waldstation;Das Wald-Hochhaus. Atemberaubende Ein- und Aussichten;Website;Autor unbekannt
Waldstation;Aktuelles & Veranstaltungen;Website;Autor unbekannt
Waldstation;Anfahrt und Öffnungszeiten;Website;Autor unbekannt
Waldstation;Führungen. Erkundungsreisen - für alle Altersgruppen;Website;Autor unbekannt
Waldstation;Jahresprogramm 2022;Veröffentlichung;Waldstation Eilenriede
Waldstation;Freiwilliges Ökologisches Jahr. In Umweltbildung und Naturschutz mitarbeiten;Website;Autor unbekannt
Eilenriede;Sport und Bewegung;;
Sport und Bewegung;Mountainbiking in Hannover;Website;Autor unbekannt
Sport und Bewegung;Radfahren in der Eilenriede und anderen städtischen Wäldern. Informationen zum Umgang mit der Natur;Flyer;Fachbereich Umwelt und Stadtgrün
Sport und Bewegung;Trimm-Dich-Pfad in der Eilenriede;Website;Autor unbekannt
Sport und Bewegung;Trimm-Dich-Pfad ist wieder fit;Website;Autor unbekannt
Sport und Bewegung;Trimm-Dich-Pfad in der nördlichen Eilenriede;Karte;Fachbereich Umwelt und Stadtgrün
Sport und Bewegung;Fitness­parcours in Hannover;Website;Umweltkommunikation
Sport und Bewegung;Fitness­parcours Übersichtskarte;Karte;Fachbereich Umwelt und Stadtgrün 
Sport und Bewegung;Fitnesswiese am Schmachteberg in der Eilenriede;Website;Autor unbekannt
Sport und Bewegung;Eilenriede Geheimnisse - eine digitale Schnitzeljagd;Website;Fachbereich Umwelt und Stadtgrün 
Eilenriede;Forstwirtschaft;;
Forstwirtschaft;Waldzustandsbericht der Landeshauptstadt Hannover 2021;Veröffentlichung;Fachbereich Umwelt und Stadtgrün 
Forstwirtschaft;Brennholzverkauf aus den städtischen Forsten ;Website;67.71 - Betriebliche Aufgaben
Forstwirtschaft;"Nachhaltige, zertifizierte Forstwirtschaft. Weit mehr als ""ordnungsgemäße Forstwirtschaft""";Veröffentlichung;Autor unbekannt
Forstwirtschaft;Bereich Forsten, Landschaftsräume und Naturschutz. Pflege von Wäldern und Landschaftsräumen;Website;Bereich Forsten, Landschaftsräume und Naturschutz
Eilenriede;Sonstige;;
Sonstige;Grünes Hannover Entdeckungen in Gärten, Parks und Landschaften;Broschüre;Umweltkommunikation
