Naherholung;Gärten-genießen;;;;;
Naherholung;Gärten-genießen;Friedhöfe-in-Hannover;;;;
Naherholung;Gärten-genießen;Friedhöfe-in-Hannover;Die-Friedhöfe-der-Landeshauptstadt-Hannover;;;
Naherholung;Gärten-genießen;Friedhöfe-in-Hannover;Die-Friedhöfe-der-Landeshauptstadt-Hannover;Aufgelassene-entwidmete-Friedhöfe;;
Naherholung;Gärten-genießen;Friedhöfe-in-Hannover;Die-Friedhöfe-der-Landeshauptstadt-Hannover;Aufgelassene-entwidmete-Friedhöfe;Gartenfriedhof;
Naherholung;Gärten-genießen;Friedhöfe-in-Hannover;Die-Friedhöfe-der-Landeshauptstadt-Hannover;Aufgelassene-entwidmete-Friedhöfe;Neustädter-Friedhof;
Naherholung;Gärten-genießen;Friedhöfe-in-Hannover;Die-Friedhöfe-der-Landeshauptstadt-Hannover;Aufgelassene-entwidmete-Friedhöfe;Sankt-Nikolai-Friedhof;
Naherholung;Gärten-genießen;Friedhöfe-in-Hannover;Die-Friedhöfe-der-Landeshauptstadt-Hannover;Ehrengräber-auf-den-Friedhöfen-der-Landeshauptstadt-Hannover;;
Naherholung;Gärten-genießen;Friedhöfe-in-Hannover;Die-Friedhöfe-der-Landeshauptstadt-Hannover;Stadtfriedhof-Engesohde;;
Naherholung;Gärten-genießen;Friedhöfe-in-Hannover;Die-Friedhöfe-der-Landeshauptstadt-Hannover;Stadtfriedhof-Lahe;;
Naherholung;Gärten-genießen;Friedhöfe-in-Hannover;Die-Friedhöfe-der-Landeshauptstadt-Hannover;Stadtfriedhof-Ricklingen;;
Naherholung;Gärten-genießen;Friedhöfe-in-Hannover;Die-Friedhöfe-der-Landeshauptstadt-Hannover;Stadtfriedhof-Ricklingen;Die-Räume-der-Stille;
Naherholung;Gärten-genießen;Friedhöfe-in-Hannover;Die-Friedhöfe-der-Landeshauptstadt-Hannover;Stadtfriedhof-Seelhorst;;
Naherholung;Gärten-genießen;Friedhöfe-in-Hannover;Die-Friedhöfe-der-Landeshauptstadt-Hannover;Stadtfriedhof-Stöcken;;
Naherholung;Gärten-genießen;Friedhöfe-in-Hannover;Die-Friedhöfe-der-Landeshauptstadt-Hannover;Stadtfriedhof-Stöcken;Projekt-Ökologische-Nische-Friedhof;
Naherholung;Gärten-genießen;Friedhöfe-in-Hannover;Friedhofsverwaltung-in-Hannover;;;
Naherholung;Gärten-genießen;Friedhöfe-in-Hannover;Friedhofsverwaltung-in-Hannover;Formulare-und-Vordrucke-der-Friedhofsverwaltung;;
Naherholung;Gärten-genießen;Friedhöfe-in-Hannover;Friedhofsverwaltung-in-Hannover;Grabarten-und-Grabpflege;;
Naherholung;Gärten-genießen;Friedhöfe-in-Hannover;Friedhofsverwaltung-in-Hannover;Grabarten-und-Grabpflege;Multikulturelle-Bestattungen-auf-den-Friedhöfen-der-Stadt-Hannover;
Naherholung;Gärten-genießen;Friedhöfe-in-Hannover;Friedhofsverwaltung-in-Hannover;Grabarten-und-Grabpflege;Wichtige-Informationen-über-Reihengräber;
Naherholung;Gärten-genießen;Friedhöfe-in-Hannover;Friedhofsverwaltung-in-Hannover;Informationen-für-Gewerbetreibende;;
Naherholung;Gärten-genießen;Friedhöfe-in-Hannover;Friedhofsverwaltung-in-Hannover;Ratgeber-bei-Sterbefällen;;
Naherholung;Gärten-genießen;Friedhöfe-in-Hannover;Veranstaltungen-auf-den-städtischen-Friedhöfen-in-Hannover;;;
Naherholung;Gärten-genießen;Gartenregion;;;;
Naherholung;Gärten-genießen;Gartenregion;Broschüren-der-Gartenregion;;;
Naherholung;Gärten-genießen;Gartenregion;Das-Grüne-liegt-so-nah;;;
Naherholung;Gärten-genießen;Gartenregion;Das-Grüne-liegt-so-nah;Amtspark-Burgwedel;;
Naherholung;Gärten-genießen;Gartenregion;Das-Grüne-liegt-so-nah;Deister-Freilichtbühne;;
Naherholung;Gärten-genießen;Gartenregion;Das-Grüne-liegt-so-nah;Der-Hermannshof;;
Naherholung;Gärten-genießen;Gartenregion;Das-Grüne-liegt-so-nah;Klosterstollen-und-Zechenpark-Barsinghausen;;
Naherholung;Gärten-genießen;Gartenregion;Das-Grüne-liegt-so-nah;Murowana-Goslina-Park;;
Naherholung;Gärten-genießen;Gartenregion;Das-Grüne-liegt-so-nah;Ottomar-von-Reden-Park;;
Naherholung;Gärten-genießen;Gartenregion;Das-Grüne-liegt-so-nah;Park-der-Sinne;;
Naherholung;Gärten-genießen;Gartenregion;Das-Grüne-liegt-so-nah;Stadtpark-Garbsen;;
Naherholung;Gärten-genießen;Gartenregion;Das-Grüne-liegt-so-nah;Stadtpark-und-Amtsgarten-Burgdorf;;
Naherholung;Gärten-genießen;Gartenregion;Das-Grüne-liegt-so-nah;Trip´sche-Parkanlage;;
Naherholung;Gärten-genießen;Gartenregion;Das-Grüne-liegt-so-nah;Wietzepark;;
Naherholung;Gärten-genießen;Gartenregion;Das-Grüne-liegt-so-nah;Wietzepark;Lage-und-Verkehrsanbindung;
Naherholung;Gärten-genießen;Gartenregion;Das-Grüne-liegt-so-nah;Wietzepark;Naherholung-und-Natur-im-Wietzepark;
Naherholung;Gärten-genießen;Gartenregion;Das-Grüne-liegt-so-nah;Wietzepark;Roter-Sand-und-Raseneisenstein;
Naherholung;Gärten-genießen;Gartenregion;Förderwettbewerb-Garten-fördern.-Zukunft-ernten!;;;
Naherholung;Gärten-genießen;Gartenregion;Förderwettbewerb-Garten-fördern.-Zukunft-ernten!;Infos-Downloads;;
Naherholung;Gärten-genießen;Gartenregion;Förderwettbewerb-20212;;;
Naherholung;Gärten-genießen;Gartenregion;Förderwettbewerb-20212;Gartenregion-prämiert-sieben-Projekte;;
Naherholung;Gärten-genießen;Gartenregion;Förderwettbewerb-20212;Informationen-zum-Förderwettbewerb-2021;;
Naherholung;Gärten-genießen;Gartenregion;Hintergründe-zur-Gartenregion2;;;
Naherholung;Gärten-genießen;Gartenregion;Hintergründe-zur-Gartenregion2;Das-Projekt-Gartenregion;;
Naherholung;Gärten-genießen;Gartenregion;Hintergründe-zur-Gartenregion2;Zehn-Jahre-Gartenregion;;
Naherholung;Gärten-genießen;Gartenregion;Projekte-der-Gartenregion;;;
Naherholung;Gärten-genießen;Gartenregion;Projekte-der-Gartenregion;Die-Blühinsel;;
Naherholung;Gärten-genießen;Gartenregion;Projekte-der-Gartenregion;Aktivitäten-im-Grünen;;
Naherholung;Gärten-genießen;Gartenregion;Projekte-der-Gartenregion;Förderung-für-den-Hermannshof-in-Völksen;;
Naherholung;Gärten-genießen;Gartenregion;Projekte-der-Gartenregion;Neuer-Spielplatz-in-Garbsen;;
Naherholung;Gärten-genießen;Gartenregion;Projekte-der-Gartenregion;Wohnen-in-einer-alten-Gärtnerei;;
Naherholung;Gärten-genießen;Gartenregion;Veranstaltungen-Gartenregion;;;
Naherholung;Gärten-genießen;Gartenregion;Veranstaltungen-Gartenregion;Die-Offene-Pforte;;
Naherholung;Gärten-genießen;Gartenregion;Veranstaltungen-Gartenregion;Grünes-Hannover;;
Naherholung;Gärten-genießen;Hannovers-Neue-Gärten;;;;
Naherholung;Gärten-genießen;Hannovers-Neue-Gärten;Die-EXPO-Gärten-am-Kronsberg;;;
Naherholung;Gärten-genießen;Hannovers-Neue-Gärten;Park-der-Sinne;;;
Naherholung;Gärten-genießen;Hannovers-Neue-Gärten;Wietzepark;;;
Naherholung;Gärten-genießen;Hannovers-Neue-Gärten;Wietzepark;Lage-und-Verkehrsanbindung;;
Naherholung;Gärten-genießen;Hannovers-Neue-Gärten;Wietzepark;Naherholung-und-Natur-im-Wietzepark;;
Naherholung;Gärten-genießen;Hannovers-Neue-Gärten;Wietzepark;Roter-Sand-und-Raseneisenstein;;
Naherholung;Gärten-genießen;Hannovers-Neue-Gärten;Willy-Spahn-Park;;;
Naherholung;Gärten-genießen;Hannovers-Neue-Gärten;Wissenschafts-und-Technologiepark-WTH;;;
Naherholung;Gärten-genießen;Historische-Parkanlagen;;;;
Naherholung;Gärten-genießen;Historische-Parkanlagen;Gartenfriedhof;;;
Naherholung;Gärten-genießen;Historische-Parkanlagen;Hermann-Löns-Park;;;
Naherholung;Gärten-genießen;Historische-Parkanlagen;Hinüberscher-Garten;;;
Naherholung;Gärten-genießen;Historische-Parkanlagen;Maschpark;;;
Naherholung;Gärten-genießen;Historische-Parkanlagen;Ottomar-von-Reden-Park;;;
Naherholung;Gärten-genießen;Historische-Parkanlagen;Ottomar-von-Reden-Park;Besondere-Gehölze;;
Naherholung;Gärten-genießen;Historische-Parkanlagen;Ottomar-von-Reden-Park;Besondere-Gehölze;A1-Schwarz-Kiefer;
Naherholung;Gärten-genießen;Historische-Parkanlagen;Ottomar-von-Reden-Park;Besondere-Gehölze;A10-Gelbe-Rosskastanie;
Naherholung;Gärten-genießen;Historische-Parkanlagen;Ottomar-von-Reden-Park;Besondere-Gehölze;A2-Libanon-Zeder;
Naherholung;Gärten-genießen;Historische-Parkanlagen;Ottomar-von-Reden-Park;Besondere-Gehölze;A3-Zimt-Ahorn;
Naherholung;Gärten-genießen;Historische-Parkanlagen;Ottomar-von-Reden-Park;Besondere-Gehölze;A4-Blut-Buche-Sämling;
Naherholung;Gärten-genießen;Historische-Parkanlagen;Ottomar-von-Reden-Park;Besondere-Gehölze;A5-Urweltmammutbaum;
Naherholung;Gärten-genießen;Historische-Parkanlagen;Ottomar-von-Reden-Park;Besondere-Gehölze;A6-Sumpf-Zypresse;
Naherholung;Gärten-genießen;Historische-Parkanlagen;Ottomar-von-Reden-Park;Besondere-Gehölze;A7-Trauer-Weide;
Naherholung;Gärten-genießen;Historische-Parkanlagen;Ottomar-von-Reden-Park;Besondere-Gehölze;A8-Riesen-Lebensbaum;
Naherholung;Gärten-genießen;Historische-Parkanlagen;Ottomar-von-Reden-Park;Besondere-Gehölze;A9-Abendländischer-Lebensbaum;
Naherholung;Gärten-genießen;Historische-Parkanlagen;Stadtpark;;;
Naherholung;Gärten-genießen;Historische-Parkanlagen;Tiergarten;;;
Naherholung;Gärten-genießen;Historische-Parkanlagen;Trip´sche-Parkanlage;;;
Naherholung;Gärten-genießen;Historische-Parkanlagen;Welfengarten;;;
Naherholung;Gärten-genießen;Kleingärten;;;;
Naherholung;Gärten-genießen;Kleingärten;Beschluss-zum-Kleingartenkonzept-2016-2025;;;
Naherholung;Gärten-genießen;Kleingärten;Daten-und-Fakten;;;
Naherholung;Gärten-genießen;Kleingärten;Interkulturelle-Öffnung-des-Kleingartenwesens-in-Hannover;;;
Naherholung;Gärten-genießen;Kleingärten;Kleingartenkonzept-und-Kleingartenentwicklung-2016-2025;;;
Naherholung;Gärten-genießen;Kleingärten;Kleingartenwettbewerb-Bunte-Gärten;;;
Naherholung;Gärten-genießen;Kleingärten;Kleingartenwettbewerb-Bunte-Gärten;Die-Wettbewerbe-2003-bis-2018;;
Naherholung;Gärten-genießen;Kleingärten;Organisation-der-Kleingärten;;;
Naherholung;Gärten-genießen;Kleingärten;Pacht-und-Kündigung;;;
Naherholung;Gärten-genießen;Kleingärten;Rechtsgrundlagen-für-Kleingärten;;;
Naherholung;Gärten-genießen;Kleingärten;Übersichtsplan-Kleingärten-in-Hannover;;;
Naherholung;Gärten-genießen;Stadtteilparks;;;;
Naherholung;Gärten-genießen;Stadtteilparks;Die-Alte-Bult-und-der-Hiroshima-Gedenkhain;;;
Naherholung;Gärten-genießen;Stadtteilparks;Freundschaftshaine-in-Hannover;;;
Naherholung;Gärten-genießen;Stadtteilparks;Gartenfriedhof;;;
Naherholung;Gärten-genießen;Stadtteilparks;Lindener-Bergfriedhof;;;
Naherholung;Gärten-genießen;Stadtteilparks;Neustädter-Friedhof;;;
Naherholung;Gärten-genießen;Stadtteilparks;Platz-für-Sport-und-Spiel-an-der-Ihme;;;
Naherholung;Gärten-genießen;Stadtteilparks;Sankt-Nikolai-Friedhof;;;
Naherholung;Gärten-genießen;Stadtteilparks;Stadtteilpark-Möhringsberg;;;
Naherholung;Gärten-genießen;Stadtteilparks;Stadtteilpark-Schwarzwaldstraße;;;
Naherholung;Gärten-genießen;Stadtteilparks;Vahrenwalder-Park;;;
Naherholung;Gärten-genießen;Tier-und-Freizeitparks;;;;
Naherholung;Gärten-genießen;Tier-und-Freizeitparks;Erlebnis-Zoo-Hannover;;;
Naherholung;Gärten-genießen;Tier-und-Freizeitparks;Erlebnis-Zoo-Hannover;Die-Themenwelten-des-Erlebnis-Zoo-Hannover;;
Naherholung;Gärten-genießen;Tier-und-Freizeitparks;Erlebnis-Zoo-Hannover;Neuigkeiten-aus-dem-Erlebnis-Zoo;;
Naherholung;Gärten-genießen;Tier-und-Freizeitparks;Erlebnis-Zoo-Hannover;Neuigkeiten-aus-dem-Erlebnis-Zoo;Auf-Weltreise-mit-dem-6x9-Euro-Ticket;
Naherholung;Gärten-genießen;Tier-und-Freizeitparks;Erlebnis-Zoo-Hannover;Neuigkeiten-aus-dem-Erlebnis-Zoo;Berberlöwin-aus-Marokko-im-Zoo-Hannover-eingetroffen;
Naherholung;Gärten-genießen;Tier-und-Freizeitparks;Erlebnis-Zoo-Hannover;Neuigkeiten-aus-dem-Erlebnis-Zoo;Die-kleine-Eisbärin-macht-ihren-ersten-Ausflug;
Naherholung;Gärten-genießen;Tier-und-Freizeitparks;Erlebnis-Zoo-Hannover;Neuigkeiten-aus-dem-Erlebnis-Zoo;Ein-seltenes-Neujahrsbaby;
Naherholung;Gärten-genießen;Tier-und-Freizeitparks;Erlebnis-Zoo-Hannover;Neuigkeiten-aus-dem-Erlebnis-Zoo;Eisbärenbaby-im-Zoo-Hannover-geboren;
Naherholung;Gärten-genießen;Tier-und-Freizeitparks;Erlebnis-Zoo-Hannover;Neuigkeiten-aus-dem-Erlebnis-Zoo;Eiskalt-erfrischt;
Naherholung;Gärten-genießen;Tier-und-Freizeitparks;Erlebnis-Zoo-Hannover;Neuigkeiten-aus-dem-Erlebnis-Zoo;Elefanten-beziehen-ihre-neue-Anlage;
Naherholung;Gärten-genießen;Tier-und-Freizeitparks;Erlebnis-Zoo-Hannover;Neuigkeiten-aus-dem-Erlebnis-Zoo;Familienfreundlichkeit-Zoo-Hannover-ganz-vorn;
Naherholung;Gärten-genießen;Tier-und-Freizeitparks;Erlebnis-Zoo-Hannover;Neuigkeiten-aus-dem-Erlebnis-Zoo;Familienfreundlichkeit-Zoo-Hannover-ganz-weit-vorn;
Naherholung;Gärten-genießen;Tier-und-Freizeitparks;Erlebnis-Zoo-Hannover;Neuigkeiten-aus-dem-Erlebnis-Zoo;Geburtstag-bei-den-sibirischen-Tigern;
Naherholung;Gärten-genießen;Tier-und-Freizeitparks;Erlebnis-Zoo-Hannover;Neuigkeiten-aus-dem-Erlebnis-Zoo;Hoffnung-auf-Nachwuchs-bei-den-Eisbären;
Naherholung;Gärten-genießen;Tier-und-Freizeitparks;Erlebnis-Zoo-Hannover;Neuigkeiten-aus-dem-Erlebnis-Zoo;Meldungen-bis-2018;
Naherholung;Gärten-genießen;Tier-und-Freizeitparks;Erlebnis-Zoo-Hannover;Neuigkeiten-aus-dem-Erlebnis-Zoo;Meldungen-bis-2018;2015-Zoo-Hannover-hat-länger-geöffnet
Naherholung;Gärten-genießen;Tier-und-Freizeitparks;Erlebnis-Zoo-Hannover;Neuigkeiten-aus-dem-Erlebnis-Zoo;Meldungen-bis-2018;2018-Fachmagazin-zeichnet-Zoo-Hannover-aus
Naherholung;Gärten-genießen;Tier-und-Freizeitparks;Erlebnis-Zoo-Hannover;Neuigkeiten-aus-dem-Erlebnis-Zoo;Meldungen-bis-2018;Abschied-von-Flusspferd-Pumeza-im-Zoo-Hannover
Naherholung;Gärten-genießen;Tier-und-Freizeitparks;Erlebnis-Zoo-Hannover;Neuigkeiten-aus-dem-Erlebnis-Zoo;Meldungen-bis-2018;Da-waren-es-schon-zwei-kleine-Rüssel
Naherholung;Gärten-genießen;Tier-und-Freizeitparks;Erlebnis-Zoo-Hannover;Neuigkeiten-aus-dem-Erlebnis-Zoo;Meldungen-bis-2018;Erlebnis-Zoo-auf-Erfolgskurs
Naherholung;Gärten-genießen;Tier-und-Freizeitparks;Erlebnis-Zoo-Hannover;Neuigkeiten-aus-dem-Erlebnis-Zoo;Meldungen-bis-2018;Hannover-hat-den-besten-Zoo
Naherholung;Gärten-genießen;Tier-und-Freizeitparks;Erlebnis-Zoo-Hannover;Neuigkeiten-aus-dem-Erlebnis-Zoo;Meldungen-bis-2018;Inventur-für-2013-Wie-viele-Tiere-leben-im-Zoo
Naherholung;Gärten-genießen;Tier-und-Freizeitparks;Erlebnis-Zoo-Hannover;Neuigkeiten-aus-dem-Erlebnis-Zoo;Meldungen-bis-2018;Kibongo-ist-eröffnet
Naherholung;Gärten-genießen;Tier-und-Freizeitparks;Erlebnis-Zoo-Hannover;Neuigkeiten-aus-dem-Erlebnis-Zoo;Meldungen-bis-2018;Kibongo-nimmt-Gestalt-an
Naherholung;Gärten-genießen;Tier-und-Freizeitparks;Erlebnis-Zoo-Hannover;Neuigkeiten-aus-dem-Erlebnis-Zoo;Meldungen-bis-2018;Leopardin-Jilin-ange%C2%ADkom%C2%ADmen,-Elefant-Taru-geht
Naherholung;Gärten-genießen;Tier-und-Freizeitparks;Erlebnis-Zoo-Hannover;Neuigkeiten-aus-dem-Erlebnis-Zoo;Meldungen-bis-2018;Orang-Utan-Jambi-verlässt-Zoo-Hannover
Naherholung;Gärten-genießen;Tier-und-Freizeitparks;Erlebnis-Zoo-Hannover;Neuigkeiten-aus-dem-Erlebnis-Zoo;Meldungen-bis-2018;Seelöwen-Skulptur-für-den-Klimaschutz
Naherholung;Gärten-genießen;Tier-und-Freizeitparks;Erlebnis-Zoo-Hannover;Neuigkeiten-aus-dem-Erlebnis-Zoo;Meldungen-bis-2018;Tierische-Bescherung-2018
Naherholung;Gärten-genießen;Tier-und-Freizeitparks;Erlebnis-Zoo-Hannover;Neuigkeiten-aus-dem-Erlebnis-Zoo;Meldungen-bis-2018;Weltbevölkerungsuhr-am-Zoo-installiert
Naherholung;Gärten-genießen;Tier-und-Freizeitparks;Erlebnis-Zoo-Hannover;Neuigkeiten-aus-dem-Erlebnis-Zoo;Meldungen-bis-2018;Winterspeck-in-Yukon-Bay
Naherholung;Gärten-genießen;Tier-und-Freizeitparks;Erlebnis-Zoo-Hannover;Neuigkeiten-aus-dem-Erlebnis-Zoo;Meldungen-bis-2018;Zoo-Hannover-erhält-Fördergeld-für-Drills
Naherholung;Gärten-genießen;Tier-und-Freizeitparks;Erlebnis-Zoo-Hannover;Neuigkeiten-aus-dem-Erlebnis-Zoo;Meldungen-bis-2018;Zoo-Hannover-verabschiedet-sich-von-Elefantenfamilie
Naherholung;Gärten-genießen;Tier-und-Freizeitparks;Erlebnis-Zoo-Hannover;Neuigkeiten-aus-dem-Erlebnis-Zoo;Meldungen-bis-2018;Zooschule-ist-Vorbild-für-Nachhaltigkeit
Naherholung;Gärten-genießen;Tier-und-Freizeitparks;Erlebnis-Zoo-Hannover;Neuigkeiten-aus-dem-Erlebnis-Zoo;Nachwuchs-bei-Präriehunden-und-Karibus;
Naherholung;Gärten-genießen;Tier-und-Freizeitparks;Erlebnis-Zoo-Hannover;Neuigkeiten-aus-dem-Erlebnis-Zoo;Nachwuchs-bei-den-Brillen-Pinguinen-im-Zoo;
Naherholung;Gärten-genießen;Tier-und-Freizeitparks;Erlebnis-Zoo-Hannover;Neuigkeiten-aus-dem-Erlebnis-Zoo;Nachwuchs-bei-stark-bedrohter-Affenart-im-Erlebnis-Zoo-Hannover;
Naherholung;Gärten-genießen;Tier-und-Freizeitparks;Erlebnis-Zoo-Hannover;Neuigkeiten-aus-dem-Erlebnis-Zoo;Name-für-Eisbärin-gesucht;
Naherholung;Gärten-genießen;Tier-und-Freizeitparks;Erlebnis-Zoo-Hannover;Neuigkeiten-aus-dem-Erlebnis-Zoo;Neues-Wolfsrudel-erkundet-sein-Gehege;
Naherholung;Gärten-genießen;Tier-und-Freizeitparks;Erlebnis-Zoo-Hannover;Neuigkeiten-aus-dem-Erlebnis-Zoo;Romanze-in-Yukon-Bay;
Naherholung;Gärten-genießen;Tier-und-Freizeitparks;Erlebnis-Zoo-Hannover;Neuigkeiten-aus-dem-Erlebnis-Zoo;Tierisch-süßer-Nachwuchs;
Naherholung;Gärten-genießen;Tier-und-Freizeitparks;Erlebnis-Zoo-Hannover;Neuigkeiten-aus-dem-Erlebnis-Zoo;Tierisch-süßer-Nachwuchs;Babyboom-bei-den-Schafen-im-Zoo
Naherholung;Gärten-genießen;Tier-und-Freizeitparks;Erlebnis-Zoo-Hannover;Neuigkeiten-aus-dem-Erlebnis-Zoo;Tierisch-süßer-Nachwuchs;Babyboom-im-Erlebnis-Zoo-Hannover
Naherholung;Gärten-genießen;Tier-und-Freizeitparks;Erlebnis-Zoo-Hannover;Neuigkeiten-aus-dem-Erlebnis-Zoo;Tierisch-süßer-Nachwuchs;Da-waren-es-schon-zwei-kleine-Rüssel
Naherholung;Gärten-genießen;Tier-und-Freizeitparks;Erlebnis-Zoo-Hannover;Neuigkeiten-aus-dem-Erlebnis-Zoo;Tierisch-süßer-Nachwuchs;Das-Silvester-Baby-heißt-Taru
Naherholung;Gärten-genießen;Tier-und-Freizeitparks;Erlebnis-Zoo-Hannover;Neuigkeiten-aus-dem-Erlebnis-Zoo;Tierisch-süßer-Nachwuchs;Der-große-Wurf-von-Gerda-und-Gerd
Naherholung;Gärten-genießen;Tier-und-Freizeitparks;Erlebnis-Zoo-Hannover;Neuigkeiten-aus-dem-Erlebnis-Zoo;Tierisch-süßer-Nachwuchs;Die-Wasserschweine-sind-los
Naherholung;Gärten-genießen;Tier-und-Freizeitparks;Erlebnis-Zoo-Hannover;Neuigkeiten-aus-dem-Erlebnis-Zoo;Tierisch-süßer-Nachwuchs;Die-jungen-Wilden-aus-der-Yukon-Bay
Naherholung;Gärten-genießen;Tier-und-Freizeitparks;Erlebnis-Zoo-Hannover;Neuigkeiten-aus-dem-Erlebnis-Zoo;Tierisch-süßer-Nachwuchs;Doppelter-Bison-Nachwuchs-im-Zoo
Naherholung;Gärten-genießen;Tier-und-Freizeitparks;Erlebnis-Zoo-Hannover;Neuigkeiten-aus-dem-Erlebnis-Zoo;Tierisch-süßer-Nachwuchs;Doppelter-Bison-Nachwuchs-im-Zoo-Hannover
Naherholung;Gärten-genießen;Tier-und-Freizeitparks;Erlebnis-Zoo-Hannover;Neuigkeiten-aus-dem-Erlebnis-Zoo;Tierisch-süßer-Nachwuchs;Doppelter-Grund-zur-Freude
Naherholung;Gärten-genießen;Tier-und-Freizeitparks;Erlebnis-Zoo-Hannover;Neuigkeiten-aus-dem-Erlebnis-Zoo;Tierisch-süßer-Nachwuchs;Doppelter-Nachwuchs-bei-den-Waldbisons
Naherholung;Gärten-genießen;Tier-und-Freizeitparks;Erlebnis-Zoo-Hannover;Neuigkeiten-aus-dem-Erlebnis-Zoo;Tierisch-süßer-Nachwuchs;Doppelter-Zebra-Nachwuchs-im-Zoo
Naherholung;Gärten-genießen;Tier-und-Freizeitparks;Erlebnis-Zoo-Hannover;Neuigkeiten-aus-dem-Erlebnis-Zoo;Tierisch-süßer-Nachwuchs;Doppeltes-Bison-Baby-Glück-in-Hannover
Naherholung;Gärten-genießen;Tier-und-Freizeitparks;Erlebnis-Zoo-Hannover;Neuigkeiten-aus-dem-Erlebnis-Zoo;Tierisch-süßer-Nachwuchs;Drei-kleine-Löwen-für-Hannover
Naherholung;Gärten-genießen;Tier-und-Freizeitparks;Erlebnis-Zoo-Hannover;Neuigkeiten-aus-dem-Erlebnis-Zoo;Tierisch-süßer-Nachwuchs;Drittes-Elefantenbaby-im-Zoo-Hannover-geboren
Naherholung;Gärten-genießen;Tier-und-Freizeitparks;Erlebnis-Zoo-Hannover;Neuigkeiten-aus-dem-Erlebnis-Zoo;Tierisch-süßer-Nachwuchs;Ein-kräftiger-Bursche
Naherholung;Gärten-genießen;Tier-und-Freizeitparks;Erlebnis-Zoo-Hannover;Neuigkeiten-aus-dem-Erlebnis-Zoo;Tierisch-süßer-Nachwuchs;Ein-seltenes-Neujahrsbaby
Naherholung;Gärten-genießen;Tier-und-Freizeitparks;Erlebnis-Zoo-Hannover;Neuigkeiten-aus-dem-Erlebnis-Zoo;Tierisch-süßer-Nachwuchs;Eisbär-Jungtier-Nana-eiskalt-erfrischt
Naherholung;Gärten-genießen;Tier-und-Freizeitparks;Erlebnis-Zoo-Hannover;Neuigkeiten-aus-dem-Erlebnis-Zoo;Tierisch-süßer-Nachwuchs;Eisbärenbaby-im-Zoo-Hannover-geboren
Naherholung;Gärten-genießen;Tier-und-Freizeitparks;Erlebnis-Zoo-Hannover;Neuigkeiten-aus-dem-Erlebnis-Zoo;Tierisch-süßer-Nachwuchs;Elefantenbaby-geboren
Naherholung;Gärten-genießen;Tier-und-Freizeitparks;Erlebnis-Zoo-Hannover;Neuigkeiten-aus-dem-Erlebnis-Zoo;Tierisch-süßer-Nachwuchs;Elefantenbaby-geboren-Saphira-ist-stolze-Mama
Naherholung;Gärten-genießen;Tier-und-Freizeitparks;Erlebnis-Zoo-Hannover;Neuigkeiten-aus-dem-Erlebnis-Zoo;Tierisch-süßer-Nachwuchs;Esel-Fohlen-tobt-durch-den-Zoo-Hannover
Naherholung;Gärten-genießen;Tier-und-Freizeitparks;Erlebnis-Zoo-Hannover;Neuigkeiten-aus-dem-Erlebnis-Zoo;Tierisch-süßer-Nachwuchs;Flauschiger-Flamingo-Nachwuchs-im-Zoo-Hannover
Naherholung;Gärten-genießen;Tier-und-Freizeitparks;Erlebnis-Zoo-Hannover;Neuigkeiten-aus-dem-Erlebnis-Zoo;Tierisch-süßer-Nachwuchs;Freches-Wollknäul-Nachwuchs-im-Zoo
Naherholung;Gärten-genießen;Tier-und-Freizeitparks;Erlebnis-Zoo-Hannover;Neuigkeiten-aus-dem-Erlebnis-Zoo;Tierisch-süßer-Nachwuchs;Gestatten-Elefantenbaby-Nr.-5
Naherholung;Gärten-genießen;Tier-und-Freizeitparks;Erlebnis-Zoo-Hannover;Neuigkeiten-aus-dem-Erlebnis-Zoo;Tierisch-süßer-Nachwuchs;Gorillababy-Yanga-wird-mit-der-Flasche-aufgezogen
Naherholung;Gärten-genießen;Tier-und-Freizeitparks;Erlebnis-Zoo-Hannover;Neuigkeiten-aus-dem-Erlebnis-Zoo;Tierisch-süßer-Nachwuchs;Große-Schweinerei-auf-Meyers-Hof
Naherholung;Gärten-genießen;Tier-und-Freizeitparks;Erlebnis-Zoo-Hannover;Neuigkeiten-aus-dem-Erlebnis-Zoo;Tierisch-süßer-Nachwuchs;Hier-kommt-Karl
Naherholung;Gärten-genießen;Tier-und-Freizeitparks;Erlebnis-Zoo-Hannover;Neuigkeiten-aus-dem-Erlebnis-Zoo;Tierisch-süßer-Nachwuchs;Hoffnungsträger-im-Doppelpack
Naherholung;Gärten-genießen;Tier-und-Freizeitparks;Erlebnis-Zoo-Hannover;Neuigkeiten-aus-dem-Erlebnis-Zoo;Tierisch-süßer-Nachwuchs;Ice,-Ice-Nana
Naherholung;Gärten-genießen;Tier-und-Freizeitparks;Erlebnis-Zoo-Hannover;Neuigkeiten-aus-dem-Erlebnis-Zoo;Tierisch-süßer-Nachwuchs;Ich-schau-Dir-in-die-Augen,-Kleines-Eisbärchen
Naherholung;Gärten-genießen;Tier-und-Freizeitparks;Erlebnis-Zoo-Hannover;Neuigkeiten-aus-dem-Erlebnis-Zoo;Tierisch-süßer-Nachwuchs;Kleine-Beutelbewohner-entdeckt
Naherholung;Gärten-genießen;Tier-und-Freizeitparks;Erlebnis-Zoo-Hannover;Neuigkeiten-aus-dem-Erlebnis-Zoo;Tierisch-süßer-Nachwuchs;Kleine-Rangeleien-am-Sambesi
Naherholung;Gärten-genießen;Tier-und-Freizeitparks;Erlebnis-Zoo-Hannover;Neuigkeiten-aus-dem-Erlebnis-Zoo;Tierisch-süßer-Nachwuchs;Kleine-Sissi-macht-ganz-große-Sprünge
Naherholung;Gärten-genießen;Tier-und-Freizeitparks;Erlebnis-Zoo-Hannover;Neuigkeiten-aus-dem-Erlebnis-Zoo;Tierisch-süßer-Nachwuchs;Kleines-Duo-für-die-Riesen-Nager
Naherholung;Gärten-genießen;Tier-und-Freizeitparks;Erlebnis-Zoo-Hannover;Neuigkeiten-aus-dem-Erlebnis-Zoo;Tierisch-süßer-Nachwuchs;Kleines-Äffchen-auf-Eroberungskurs
Naherholung;Gärten-genießen;Tier-und-Freizeitparks;Erlebnis-Zoo-Hannover;Neuigkeiten-aus-dem-Erlebnis-Zoo;Tierisch-süßer-Nachwuchs;Kuschelzeit-bei-den-Erdmännchen
Naherholung;Gärten-genießen;Tier-und-Freizeitparks;Erlebnis-Zoo-Hannover;Neuigkeiten-aus-dem-Erlebnis-Zoo;Tierisch-süßer-Nachwuchs;Lilly,-Otto-und-Lucifer-machen-Zoo-Hannover-unsicher
Naherholung;Gärten-genießen;Tier-und-Freizeitparks;Erlebnis-Zoo-Hannover;Neuigkeiten-aus-dem-Erlebnis-Zoo;Tierisch-süßer-Nachwuchs;Loreley-ist-ganz-Ohr
Naherholung;Gärten-genießen;Tier-und-Freizeitparks;Erlebnis-Zoo-Hannover;Neuigkeiten-aus-dem-Erlebnis-Zoo;Tierisch-süßer-Nachwuchs;Mini-Äffchen-erobert-das-Rudel
Naherholung;Gärten-genießen;Tier-und-Freizeitparks;Erlebnis-Zoo-Hannover;Neuigkeiten-aus-dem-Erlebnis-Zoo;Tierisch-süßer-Nachwuchs;Mit-doppelt-Schwein-ins-neue-Jahr
Naherholung;Gärten-genießen;Tier-und-Freizeitparks;Erlebnis-Zoo-Hannover;Neuigkeiten-aus-dem-Erlebnis-Zoo;Tierisch-süßer-Nachwuchs;Mäh!-Drei-niedliche-Lämmer-im-Wisentgehege-geboren
Naherholung;Gärten-genießen;Tier-und-Freizeitparks;Erlebnis-Zoo-Hannover;Neuigkeiten-aus-dem-Erlebnis-Zoo;Tierisch-süßer-Nachwuchs;Nachwuchs-bei-Präriehunden-und-Karibus
Naherholung;Gärten-genießen;Tier-und-Freizeitparks;Erlebnis-Zoo-Hannover;Neuigkeiten-aus-dem-Erlebnis-Zoo;Tierisch-süßer-Nachwuchs;Nachwuchs-bei-Rothschild-Giraffen
Naherholung;Gärten-genießen;Tier-und-Freizeitparks;Erlebnis-Zoo-Hannover;Neuigkeiten-aus-dem-Erlebnis-Zoo;Tierisch-süßer-Nachwuchs;Nachwuchs-bei-den-Brillen-Pinguinen-im-Zoo
Naherholung;Gärten-genießen;Tier-und-Freizeitparks;Erlebnis-Zoo-Hannover;Neuigkeiten-aus-dem-Erlebnis-Zoo;Tierisch-süßer-Nachwuchs;Nachwuchs-bei-den-Erdmännchen
Naherholung;Gärten-genießen;Tier-und-Freizeitparks;Erlebnis-Zoo-Hannover;Neuigkeiten-aus-dem-Erlebnis-Zoo;Tierisch-süßer-Nachwuchs;Nachwuchs-bei-den-Flachland-Gorillas
Naherholung;Gärten-genießen;Tier-und-Freizeitparks;Erlebnis-Zoo-Hannover;Neuigkeiten-aus-dem-Erlebnis-Zoo;Tierisch-süßer-Nachwuchs;Nachwuchs-bei-den-Flamingos
Naherholung;Gärten-genießen;Tier-und-Freizeitparks;Erlebnis-Zoo-Hannover;Neuigkeiten-aus-dem-Erlebnis-Zoo;Tierisch-süßer-Nachwuchs;Nachwuchs-bei-den-Präriehunden
Naherholung;Gärten-genießen;Tier-und-Freizeitparks;Erlebnis-Zoo-Hannover;Neuigkeiten-aus-dem-Erlebnis-Zoo;Tierisch-süßer-Nachwuchs;Nachwuchs-bei-den-Präriehunden2
Naherholung;Gärten-genießen;Tier-und-Freizeitparks;Erlebnis-Zoo-Hannover;Neuigkeiten-aus-dem-Erlebnis-Zoo;Tierisch-süßer-Nachwuchs;Nachwuchs-bei-den-Schnee-Eulen
Naherholung;Gärten-genießen;Tier-und-Freizeitparks;Erlebnis-Zoo-Hannover;Neuigkeiten-aus-dem-Erlebnis-Zoo;Tierisch-süßer-Nachwuchs;Nachwuchs-bei-den-Waldziegen
Naherholung;Gärten-genießen;Tier-und-Freizeitparks;Erlebnis-Zoo-Hannover;Neuigkeiten-aus-dem-Erlebnis-Zoo;Tierisch-süßer-Nachwuchs;Nachwuchs-bei-den-seltenen-Addax
Naherholung;Gärten-genießen;Tier-und-Freizeitparks;Erlebnis-Zoo-Hannover;Neuigkeiten-aus-dem-Erlebnis-Zoo;Tierisch-süßer-Nachwuchs;Nachwuchs-beim-Harzer-Rotvieh-auf-Meyers-Hof
Naherholung;Gärten-genießen;Tier-und-Freizeitparks;Erlebnis-Zoo-Hannover;Neuigkeiten-aus-dem-Erlebnis-Zoo;Tierisch-süßer-Nachwuchs;Nachwuchs-im-Norden-wie-auch-im-Süden
Naherholung;Gärten-genießen;Tier-und-Freizeitparks;Erlebnis-Zoo-Hannover;Neuigkeiten-aus-dem-Erlebnis-Zoo;Tierisch-süßer-Nachwuchs;Nachwuchs-im-Zoo-Mini-Esel-mit-Ringelsocken
Naherholung;Gärten-genießen;Tier-und-Freizeitparks;Erlebnis-Zoo-Hannover;Neuigkeiten-aus-dem-Erlebnis-Zoo;Tierisch-süßer-Nachwuchs;Nacktnasenwombat-Maya-erwartet-ersten-Nachwuchs
Naherholung;Gärten-genießen;Tier-und-Freizeitparks;Erlebnis-Zoo-Hannover;Neuigkeiten-aus-dem-Erlebnis-Zoo;Tierisch-süßer-Nachwuchs;Neue-Känguru-Babys-im-Zoo
Naherholung;Gärten-genießen;Tier-und-Freizeitparks;Erlebnis-Zoo-Hannover;Neuigkeiten-aus-dem-Erlebnis-Zoo;Tierisch-süßer-Nachwuchs;Neugierige-Frischlinge-erkunden-das-Wisentgehege
Naherholung;Gärten-genießen;Tier-und-Freizeitparks;Erlebnis-Zoo-Hannover;Neuigkeiten-aus-dem-Erlebnis-Zoo;Tierisch-süßer-Nachwuchs;Neun-mal-schweinischer-Nachwuchs
Naherholung;Gärten-genießen;Tier-und-Freizeitparks;Erlebnis-Zoo-Hannover;Neuigkeiten-aus-dem-Erlebnis-Zoo;Tierisch-süßer-Nachwuchs;Riesige-Freude-über-Nachwuchs-bei-Mini-Schildkröten
Naherholung;Gärten-genießen;Tier-und-Freizeitparks;Erlebnis-Zoo-Hannover;Neuigkeiten-aus-dem-Erlebnis-Zoo;Tierisch-süßer-Nachwuchs;Schweinebande-erobert-den-Zoo
Naherholung;Gärten-genießen;Tier-und-Freizeitparks;Erlebnis-Zoo-Hannover;Neuigkeiten-aus-dem-Erlebnis-Zoo;Tierisch-süßer-Nachwuchs;Seebärchen-im-Zoo-Hannover
Naherholung;Gärten-genießen;Tier-und-Freizeitparks;Erlebnis-Zoo-Hannover;Neuigkeiten-aus-dem-Erlebnis-Zoo;Tierisch-süßer-Nachwuchs;Seltene-Schildkröte-im-Zoo-Hannover-geschlüpft
Naherholung;Gärten-genießen;Tier-und-Freizeitparks;Erlebnis-Zoo-Hannover;Neuigkeiten-aus-dem-Erlebnis-Zoo;Tierisch-süßer-Nachwuchs;Seltener-Nachwuchs-auf-Meyers-Hof
Naherholung;Gärten-genießen;Tier-und-Freizeitparks;Erlebnis-Zoo-Hannover;Neuigkeiten-aus-dem-Erlebnis-Zoo;Tierisch-süßer-Nachwuchs;Seltener-Nachwuchs-im-Zoo
Naherholung;Gärten-genießen;Tier-und-Freizeitparks;Erlebnis-Zoo-Hannover;Neuigkeiten-aus-dem-Erlebnis-Zoo;Tierisch-süßer-Nachwuchs;Tiger-Drillinge-geboren
Naherholung;Gärten-genießen;Tier-und-Freizeitparks;Erlebnis-Zoo-Hannover;Neuigkeiten-aus-dem-Erlebnis-Zoo;Tierisch-süßer-Nachwuchs;Video-Kleine-Eisbärin-erkundet-Yukon-Bay-im-Zoo-Hannover
Naherholung;Gärten-genießen;Tier-und-Freizeitparks;Erlebnis-Zoo-Hannover;Neuigkeiten-aus-dem-Erlebnis-Zoo;Tierisch-süßer-Nachwuchs;Video-Kleine-Eisbärin-ist-eine-richtige-Wasserratte
Naherholung;Gärten-genießen;Tier-und-Freizeitparks;Erlebnis-Zoo-Hannover;Neuigkeiten-aus-dem-Erlebnis-Zoo;Tierisch-süßer-Nachwuchs;Vier-Elefantenbabys-im-Erlebnis-Zoo-Hannover-erwartet
Naherholung;Gärten-genießen;Tier-und-Freizeitparks;Erlebnis-Zoo-Hannover;Neuigkeiten-aus-dem-Erlebnis-Zoo;Tierisch-süßer-Nachwuchs;Vier-Husumer-Protestferkel-für-den-Zoo-Hannover
Naherholung;Gärten-genießen;Tier-und-Freizeitparks;Erlebnis-Zoo-Hannover;Neuigkeiten-aus-dem-Erlebnis-Zoo;Tierisch-süßer-Nachwuchs;Viertes-Elefanten-Baby-geboren
Naherholung;Gärten-genießen;Tier-und-Freizeitparks;Erlebnis-Zoo-Hannover;Neuigkeiten-aus-dem-Erlebnis-Zoo;Tierisch-süßer-Nachwuchs;Viertes-Elefantenbaby-im-Zoo-Hannover-geboren
Naherholung;Gärten-genießen;Tier-und-Freizeitparks;Erlebnis-Zoo-Hannover;Neuigkeiten-aus-dem-Erlebnis-Zoo;Tierisch-süßer-Nachwuchs;Zebra-Kind-schnuppert-Frühlingsluft
Naherholung;Gärten-genießen;Tier-und-Freizeitparks;Erlebnis-Zoo-Hannover;Neuigkeiten-aus-dem-Erlebnis-Zoo;Tierisch-süßer-Nachwuchs;Zoo-Hannover-Addax%27-und-Zebras-mit-Nachwuchs
Naherholung;Gärten-genießen;Tier-und-Freizeitparks;Erlebnis-Zoo-Hannover;Neuigkeiten-aus-dem-Erlebnis-Zoo;Tierisch-süßer-Nachwuchs;Zoo-Hannover-Doppelter-Nachwuchs-bei-Brillenpinguinen
Naherholung;Gärten-genießen;Tier-und-Freizeitparks;Erlebnis-Zoo-Hannover;Neuigkeiten-aus-dem-Erlebnis-Zoo;Tierisch-süßer-Nachwuchs;Zoo-Hannover-Dreifacher-Nachwuchs-in-Yukon-Bay
Naherholung;Gärten-genießen;Tier-und-Freizeitparks;Erlebnis-Zoo-Hannover;Neuigkeiten-aus-dem-Erlebnis-Zoo;Tierisch-süßer-Nachwuchs;Zoo-Hannover-Drillings-Nachwuchs-bei-den-Erdmännchen
Naherholung;Gärten-genießen;Tier-und-Freizeitparks;Erlebnis-Zoo-Hannover;Neuigkeiten-aus-dem-Erlebnis-Zoo;Tierisch-süßer-Nachwuchs;Zoo-Hannover-Eisbär-Mädchen-heißt-nun-Nana
Naherholung;Gärten-genießen;Tier-und-Freizeitparks;Erlebnis-Zoo-Hannover;Neuigkeiten-aus-dem-Erlebnis-Zoo;Tierisch-süßer-Nachwuchs;Zoo-Hannover-Eisbär-Mädchen-nascht-und-erkundet-die-Welt
Naherholung;Gärten-genießen;Tier-und-Freizeitparks;Erlebnis-Zoo-Hannover;Neuigkeiten-aus-dem-Erlebnis-Zoo;Tierisch-süßer-Nachwuchs;Zoo-Hannover-Es-ist-ein-Eisbär-Mädchen
Naherholung;Gärten-genießen;Tier-und-Freizeitparks;Erlebnis-Zoo-Hannover;Neuigkeiten-aus-dem-Erlebnis-Zoo;Tierisch-süßer-Nachwuchs;Zoo-Hannover-Flusspferdbaby-heißt-Pumeza
Naherholung;Gärten-genießen;Tier-und-Freizeitparks;Erlebnis-Zoo-Hannover;Neuigkeiten-aus-dem-Erlebnis-Zoo;Tierisch-süßer-Nachwuchs;Zoo-Hannover-Fünffacher-Erdmännchen-Nachwuchs
Naherholung;Gärten-genießen;Tier-und-Freizeitparks;Erlebnis-Zoo-Hannover;Neuigkeiten-aus-dem-Erlebnis-Zoo;Tierisch-süßer-Nachwuchs;Zoo-Hannover-Gorilla-Weibchen-Melima-zeigt-ihr-Baby
Naherholung;Gärten-genießen;Tier-und-Freizeitparks;Erlebnis-Zoo-Hannover;Neuigkeiten-aus-dem-Erlebnis-Zoo;Tierisch-süßer-Nachwuchs;Zoo-Hannover-Gorillababy-geboren
Naherholung;Gärten-genießen;Tier-und-Freizeitparks;Erlebnis-Zoo-Hannover;Neuigkeiten-aus-dem-Erlebnis-Zoo;Tierisch-süßer-Nachwuchs;Zoo-Hannover-Nach%C2%ADwuchs-bei-den-Karibus
Naherholung;Gärten-genießen;Tier-und-Freizeitparks;Erlebnis-Zoo-Hannover;Neuigkeiten-aus-dem-Erlebnis-Zoo;Tierisch-süßer-Nachwuchs;Zoo-Hannover-Nachwuchs-bei-bedrohten-Haustierrassen
Naherholung;Gärten-genießen;Tier-und-Freizeitparks;Erlebnis-Zoo-Hannover;Neuigkeiten-aus-dem-Erlebnis-Zoo;Tierisch-süßer-Nachwuchs;Zoo-Hannover-Nachwuchs-bei-den-Addax-Wüstenantilopen
Naherholung;Gärten-genießen;Tier-und-Freizeitparks;Erlebnis-Zoo-Hannover;Neuigkeiten-aus-dem-Erlebnis-Zoo;Tierisch-süßer-Nachwuchs;Zoo-Hannover-Nachwuchs-bei-den-Elenantilopen
Naherholung;Gärten-genießen;Tier-und-Freizeitparks;Erlebnis-Zoo-Hannover;Neuigkeiten-aus-dem-Erlebnis-Zoo;Tierisch-süßer-Nachwuchs;Zoo-Hannover-Nachwuchs-bei-den-Flusspferden
Naherholung;Gärten-genießen;Tier-und-Freizeitparks;Erlebnis-Zoo-Hannover;Neuigkeiten-aus-dem-Erlebnis-Zoo;Tierisch-süßer-Nachwuchs;Zoo-Hannover-Nachwuchs-bei-den-Hulman-Languren
Naherholung;Gärten-genießen;Tier-und-Freizeitparks;Erlebnis-Zoo-Hannover;Neuigkeiten-aus-dem-Erlebnis-Zoo;Tierisch-süßer-Nachwuchs;Zoo-Hannover-Nachwuchs-bei-den-Roten-Riesenkängurus
Naherholung;Gärten-genießen;Tier-und-Freizeitparks;Erlebnis-Zoo-Hannover;Neuigkeiten-aus-dem-Erlebnis-Zoo;Tierisch-süßer-Nachwuchs;Zoo-Hannover-Nachwuchs-bei-den-Rothalsstraußen
Naherholung;Gärten-genießen;Tier-und-Freizeitparks;Erlebnis-Zoo-Hannover;Neuigkeiten-aus-dem-Erlebnis-Zoo;Tierisch-süßer-Nachwuchs;Zoo-Hannover-Nachwuchs-bei-den-Schneeeulen
Naherholung;Gärten-genießen;Tier-und-Freizeitparks;Erlebnis-Zoo-Hannover;Neuigkeiten-aus-dem-Erlebnis-Zoo;Tierisch-süßer-Nachwuchs;Zoo-Hannover-Nachwuchs-in-der-Prärie
Naherholung;Gärten-genießen;Tier-und-Freizeitparks;Erlebnis-Zoo-Hannover;Neuigkeiten-aus-dem-Erlebnis-Zoo;Tierisch-süßer-Nachwuchs;Zoo-Hannover-Schneeeulen-Nachwuchs
Naherholung;Gärten-genießen;Tier-und-Freizeitparks;Erlebnis-Zoo-Hannover;Neuigkeiten-aus-dem-Erlebnis-Zoo;Tierisch-süßer-Nachwuchs;Zoo-Hannover-Schorse-Junior-ist-da
Naherholung;Gärten-genießen;Tier-und-Freizeitparks;Erlebnis-Zoo-Hannover;Neuigkeiten-aus-dem-Erlebnis-Zoo;Tierisch-süßer-Nachwuchs;Zoo-Hannover-Schwimmschule-für-Seebärbaby
Naherholung;Gärten-genießen;Tier-und-Freizeitparks;Erlebnis-Zoo-Hannover;Neuigkeiten-aus-dem-Erlebnis-Zoo;Tierisch-süßer-Nachwuchs;Zwölf-Flamingo-Küken-im-Zoo-geboren
Naherholung;Gärten-genießen;Tier-und-Freizeitparks;Erlebnis-Zoo-Hannover;Neuigkeiten-aus-dem-Erlebnis-Zoo;Tierischer-Grusel-Kürbis-Besuch-im-Erlebnis-Zoo-Hannover;
Naherholung;Gärten-genießen;Tier-und-Freizeitparks;Erlebnis-Zoo-Hannover;Neuigkeiten-aus-dem-Erlebnis-Zoo;Tiger-Drillinge-geboren;
Naherholung;Gärten-genießen;Tier-und-Freizeitparks;Erlebnis-Zoo-Hannover;Neuigkeiten-aus-dem-Erlebnis-Zoo;Tigerbabys-im-Zoo-Es-sind-drei-Männchen;
Naherholung;Gärten-genießen;Tier-und-Freizeitparks;Erlebnis-Zoo-Hannover;Neuigkeiten-aus-dem-Erlebnis-Zoo;Tigerbabys-im-Zoo-haben-ihre-Augen-geöffnet;
Naherholung;Gärten-genießen;Tier-und-Freizeitparks;Erlebnis-Zoo-Hannover;Neuigkeiten-aus-dem-Erlebnis-Zoo;Video-Kleine-Eisbärin-erkundet-Yukon-Bay-im-Zoo-Hannover;
Naherholung;Gärten-genießen;Tier-und-Freizeitparks;Erlebnis-Zoo-Hannover;Neuigkeiten-aus-dem-Erlebnis-Zoo;Zara-erkundet-ihr-Gehege;
Naherholung;Gärten-genießen;Tier-und-Freizeitparks;Erlebnis-Zoo-Hannover;Neuigkeiten-aus-dem-Erlebnis-Zoo;Zoo-Hannover-Es-ist-ein-Eisbär-Mädchen;
Naherholung;Gärten-genießen;Tier-und-Freizeitparks;Erlebnis-Zoo-Hannover;Neuigkeiten-aus-dem-Erlebnis-Zoo;Zoo-hat-zweites-Pandemie-Jahr-sehr-gut-bewältigt;
Naherholung;Gärten-genießen;Tier-und-Freizeitparks;Erlebnis-Zoo-Hannover;Neuigkeiten-aus-dem-Erlebnis-Zoo;Zwillings-Nachwuchs-bei-den-seltenen-Roten-Pandas;
Naherholung;Gärten-genießen;Tier-und-Freizeitparks;Erlebnis-Zoo-Hannover;Themenwelten-im-Erlebnis-Zoo;;
Naherholung;Gärten-genießen;Tier-und-Freizeitparks;Erlebnis-Zoo-Hannover;Themenwelten-im-Erlebnis-Zoo;Afi-Mountain;
Naherholung;Gärten-genießen;Tier-und-Freizeitparks;Erlebnis-Zoo-Hannover;Themenwelten-im-Erlebnis-Zoo;Dschungelpalast;
Naherholung;Gärten-genießen;Tier-und-Freizeitparks;Erlebnis-Zoo-Hannover;Themenwelten-im-Erlebnis-Zoo;Meyers-Hof;
Naherholung;Gärten-genießen;Tier-und-Freizeitparks;Erlebnis-Zoo-Hannover;Themenwelten-im-Erlebnis-Zoo;Mullewapp;
Naherholung;Gärten-genießen;Tier-und-Freizeitparks;Erlebnis-Zoo-Hannover;Themenwelten-im-Erlebnis-Zoo;Outback;
Naherholung;Gärten-genießen;Tier-und-Freizeitparks;Erlebnis-Zoo-Hannover;Themenwelten-im-Erlebnis-Zoo;Sambesi;
Naherholung;Gärten-genießen;Tier-und-Freizeitparks;Erlebnis-Zoo-Hannover;Themenwelten-im-Erlebnis-Zoo;Yukon-Bay;
Naherholung;Gärten-genießen;Tier-und-Freizeitparks;Erlebnis-Zoo-Hannover;Veranstaltungen-und-Events;;
Naherholung;Gärten-genießen;Tier-und-Freizeitparks;Erlebnis-Zoo-Hannover;Veranstaltungen-und-Events;Christmas-Garden-im-Zoo;
Naherholung;Gärten-genießen;Tier-und-Freizeitparks;Erlebnis-Zoo-Hannover;Veranstaltungen-und-Events;Laternenspaziergang-im-Zoo;
Naherholung;Gärten-genießen;Tier-und-Freizeitparks;Erlebnis-Zoo-Hannover;Zoo-Hannover-Ein-Erlebnis-seit-150-Jahren;;
Naherholung;Gärten-genießen;Tier-und-Freizeitparks;Erlebnis-Zoo-Hannover;Zoo-Hannover-Ein-Erlebnis-seit-150-Jahren;150-Jahre-Erlebnis-Zoo-Hannover;
Naherholung;Gärten-genießen;Tier-und-Freizeitparks;Erlebnis-Zoo-Hannover;Zoo-Hannover-Ein-Erlebnis-seit-150-Jahren;150-Jahre-Erlebnis-Zoo-Hannover-Fanbilder;
Naherholung;Gärten-genießen;Tier-und-Freizeitparks;Erlebnis-Zoo-Hannover;Zoo-Hannover-Ein-Erlebnis-seit-150-Jahren;150-Jahre-Erlebnis-Zoo-Hannover-Fanbilder;150-und-noch-immer-so-koplos
Naherholung;Gärten-genießen;Tier-und-Freizeitparks;Erlebnis-Zoo-Hannover;Zoo-Hannover-Ein-Erlebnis-seit-150-Jahren;150-Jahre-Erlebnis-Zoo-Hannover-Fanbilder;150-und-noch-so-humorvoll
Naherholung;Gärten-genießen;Tier-und-Freizeitparks;Erlebnis-Zoo-Hannover;Zoo-Hannover-Ein-Erlebnis-seit-150-Jahren;150-Jahre-Erlebnis-Zoo-Hannover-Fanbilder;Mit-150-noch-ne-dicke-Lippe-riskieren
Naherholung;Gärten-genießen;Tier-und-Freizeitparks;Erlebnis-Zoo-Hannover;Zoo-Hannover-Ein-Erlebnis-seit-150-Jahren;150-Jahre-Erlebnis-Zoo-Hannover-Fanbilder;Mit-150-noch-so-apart
Naherholung;Gärten-genießen;Tier-und-Freizeitparks;Erlebnis-Zoo-Hannover;Zoo-Hannover-Ein-Erlebnis-seit-150-Jahren;150-Jahre-Erlebnis-Zoo-Hannover-Fanbilder;Mit-150-noch-so-aufgeschlossen
Naherholung;Gärten-genießen;Tier-und-Freizeitparks;Erlebnis-Zoo-Hannover;Zoo-Hannover-Ein-Erlebnis-seit-150-Jahren;150-Jahre-Erlebnis-Zoo-Hannover-Fanbilder;Mit-150-noch-so-ein-Genießer
Naherholung;Gärten-genießen;Tier-und-Freizeitparks;Erlebnis-Zoo-Hannover;Zoo-Hannover-Ein-Erlebnis-seit-150-Jahren;150-Jahre-Erlebnis-Zoo-Hannover-Fanbilder;Mit-150-noch-so-ein-Poser
Naherholung;Gärten-genießen;Tier-und-Freizeitparks;Erlebnis-Zoo-Hannover;Zoo-Hannover-Ein-Erlebnis-seit-150-Jahren;150-Jahre-Erlebnis-Zoo-Hannover-Fanbilder;Mit-150-noch-so-ein-Punker
Naherholung;Gärten-genießen;Tier-und-Freizeitparks;Erlebnis-Zoo-Hannover;Zoo-Hannover-Ein-Erlebnis-seit-150-Jahren;150-Jahre-Erlebnis-Zoo-Hannover-Fanbilder;Mit-150-noch-so-ein-Raufbold
Naherholung;Gärten-genießen;Tier-und-Freizeitparks;Erlebnis-Zoo-Hannover;Zoo-Hannover-Ein-Erlebnis-seit-150-Jahren;150-Jahre-Erlebnis-Zoo-Hannover-Fanbilder;Mit-150-noch-so-ein-Schreihals
Naherholung;Gärten-genießen;Tier-und-Freizeitparks;Erlebnis-Zoo-Hannover;Zoo-Hannover-Ein-Erlebnis-seit-150-Jahren;150-Jahre-Erlebnis-Zoo-Hannover-Fanbilder;Mit-150-noch-so-eine-Wasserratte
Naherholung;Gärten-genießen;Tier-und-Freizeitparks;Erlebnis-Zoo-Hannover;Zoo-Hannover-Ein-Erlebnis-seit-150-Jahren;150-Jahre-Erlebnis-Zoo-Hannover-Fanbilder;Mit-150-noch-so-einen-Überblick-haben
Naherholung;Gärten-genießen;Tier-und-Freizeitparks;Erlebnis-Zoo-Hannover;Zoo-Hannover-Ein-Erlebnis-seit-150-Jahren;150-Jahre-Erlebnis-Zoo-Hannover-Fanbilder;Mit-150-noch-so-entspannt
Naherholung;Gärten-genießen;Tier-und-Freizeitparks;Erlebnis-Zoo-Hannover;Zoo-Hannover-Ein-Erlebnis-seit-150-Jahren;150-Jahre-Erlebnis-Zoo-Hannover-Fanbilder;Mit-150-noch-so-fürsorglich
Naherholung;Gärten-genießen;Tier-und-Freizeitparks;Erlebnis-Zoo-Hannover;Zoo-Hannover-Ein-Erlebnis-seit-150-Jahren;150-Jahre-Erlebnis-Zoo-Hannover-Fanbilder;Mit-150-noch-so-gechillt
Naherholung;Gärten-genießen;Tier-und-Freizeitparks;Erlebnis-Zoo-Hannover;Zoo-Hannover-Ein-Erlebnis-seit-150-Jahren;150-Jahre-Erlebnis-Zoo-Hannover-Fanbilder;Mit-150-noch-so-gesellig
Naherholung;Gärten-genießen;Tier-und-Freizeitparks;Erlebnis-Zoo-Hannover;Zoo-Hannover-Ein-Erlebnis-seit-150-Jahren;150-Jahre-Erlebnis-Zoo-Hannover-Fanbilder;Mit-150-noch-so-kontaktfreudig
Naherholung;Gärten-genießen;Tier-und-Freizeitparks;Erlebnis-Zoo-Hannover;Zoo-Hannover-Ein-Erlebnis-seit-150-Jahren;150-Jahre-Erlebnis-Zoo-Hannover-Fanbilder;Mit-150-noch-so-nachdenklich
Naherholung;Gärten-genießen;Tier-und-Freizeitparks;Erlebnis-Zoo-Hannover;Zoo-Hannover-Ein-Erlebnis-seit-150-Jahren;150-Jahre-Erlebnis-Zoo-Hannover-Fanbilder;Mit-150-noch-so-schadenfroh
Naherholung;Gärten-genießen;Tier-und-Freizeitparks;Erlebnis-Zoo-Hannover;Zoo-Hannover-Ein-Erlebnis-seit-150-Jahren;150-Jahre-Erlebnis-Zoo-Hannover-Fanbilder;Mit-150-noch-so-scharfsichtig
Naherholung;Gärten-genießen;Tier-und-Freizeitparks;Erlebnis-Zoo-Hannover;Zoo-Hannover-Ein-Erlebnis-seit-150-Jahren;150-Jahre-Erlebnis-Zoo-Hannover-Fanbilder;Mit-150-noch-so-schöne-Zähne
Naherholung;Gärten-genießen;Tier-und-Freizeitparks;Erlebnis-Zoo-Hannover;Zoo-Hannover-Ein-Erlebnis-seit-150-Jahren;150-Jahre-Erlebnis-Zoo-Hannover-Fanbilder;Mit-150-noch-so-skeptisch
Naherholung;Gärten-genießen;Tier-und-Freizeitparks;Erlebnis-Zoo-Hannover;Zoo-Hannover-Ein-Erlebnis-seit-150-Jahren;150-Jahre-Erlebnis-Zoo-Hannover-Fanbilder;Mit-150-noch-so-tiefgründig
Naherholung;Gärten-genießen;Tier-und-Freizeitparks;Erlebnis-Zoo-Hannover;Zoo-Hannover-Ein-Erlebnis-seit-150-Jahren;150-Jahre-Erlebnis-Zoo-Hannover-Fanbilder;Mit-150-noch-so-treu
Naherholung;Gärten-genießen;Tier-und-Freizeitparks;Erlebnis-Zoo-Hannover;Zoo-Hannover-Ein-Erlebnis-seit-150-Jahren;150-Jahre-Erlebnis-Zoo-Hannover-Fanbilder;Mit-150-noch-so-verfressen
Naherholung;Gärten-genießen;Tier-und-Freizeitparks;Erlebnis-Zoo-Hannover;Zoo-Hannover-Ein-Erlebnis-seit-150-Jahren;150-Jahre-Erlebnis-Zoo-Hannover-Fanbilder;Mit-150-noch-so-verschlafen
Naherholung;Gärten-genießen;Tier-und-Freizeitparks;Erlebnis-Zoo-Hannover;Zoo-Hannover-Ein-Erlebnis-seit-150-Jahren;150-Jahre-Erlebnis-Zoo-Hannover-Fanbilder;Mit-150-noch-so-verspielt
Naherholung;Gärten-genießen;Tier-und-Freizeitparks;Erlebnis-Zoo-Hannover;Zoo-Hannover-Ein-Erlebnis-seit-150-Jahren;150-Jahre-Erlebnis-Zoo-Hannover-Fanbilder;Mit-150-noch-so-viel-Biss
Naherholung;Gärten-genießen;Tier-und-Freizeitparks;Erlebnis-Zoo-Hannover;Zoo-Hannover-Ein-Erlebnis-seit-150-Jahren;150-Jahre-Erlebnis-Zoo-Hannover-Fanbilder;Mit-150-noch-so-waghalsig
Naherholung;Gärten-genießen;Tier-und-Freizeitparks;Erlebnis-Zoo-Hannover;Zoo-Hannover-Ein-Erlebnis-seit-150-Jahren;150-Jahre-Erlebnis-Zoo-Hannover-Fanbilder;Mit-150-noch-so-waschecht
Naherholung;Gärten-genießen;Tier-und-Freizeitparks;Erlebnis-Zoo-Hannover;Zoo-Hannover-Ein-Erlebnis-seit-150-Jahren;150-Jahre-Erlebnis-Zoo-Hannover-Fanbilder;Mit-150-noch-so-wild-auf-Klimmzüge
Naherholung;Gärten-genießen;Tier-und-Freizeitparks;Erlebnis-Zoo-Hannover;Zoo-Hannover-Ein-Erlebnis-seit-150-Jahren;150-Jahre-Erlebnis-Zoo-Hannover-Fanbilder;Mit-150-noch-so-zärtlich
Naherholung;Gärten-genießen;Tier-und-Freizeitparks;Erlebnis-Zoo-Hannover;Zoo-Hannover-Ein-Erlebnis-seit-150-Jahren;150-Jahre-Erlebnis-Zoo-Hannover-Fanbilder;Mit-150-noch-so-´ne-große-Klappe
Naherholung;Gärten-genießen;Tier-und-Freizeitparks;Erlebnis-Zoo-Hannover;Zoo-Hannover-Ein-Erlebnis-seit-150-Jahren;150-Jahre-Erlebnis-Zoo-Hannover-Fanbilder;Mit-150-noch-tiefgründig
Naherholung;Gärten-genießen;Tier-und-Freizeitparks;Erlebnis-Zoo-Hannover;Zoo-Hannover-Ein-Erlebnis-seit-150-Jahren;150-Jahre-Erlebnis-Zoo-Hannover-Fanbilder;Mit-150-und-noch-so-wagemutig
Naherholung;Gärten-genießen;Tier-und-Freizeitparks;Erlebnis-Zoo-Hannover;Zoo-Hannover-Ein-Erlebnis-seit-150-Jahren;150-Jahre-Erlebnis-Zoo-Hannover-Galerie;
Naherholung;Gärten-genießen;Tier-und-Freizeitparks;Erlebnis-Zoo-Hannover;Zoo-Hannover-Ein-Erlebnis-seit-150-Jahren;150-Jahre-Erlebnis-Zoo-Hannover-Galerie;Mit-150-noch-so-%27ne-flotte-Hufe
Naherholung;Gärten-genießen;Tier-und-Freizeitparks;Erlebnis-Zoo-Hannover;Zoo-Hannover-Ein-Erlebnis-seit-150-Jahren;150-Jahre-Erlebnis-Zoo-Hannover-Galerie;Mit-150-noch-so-fesch
Naherholung;Gärten-genießen;Tier-und-Freizeitparks;Erlebnis-Zoo-Hannover;Zoo-Hannover-Ein-Erlebnis-seit-150-Jahren;150-Jahre-Erlebnis-Zoo-Hannover-Galerie;Mit-150-noch-so-fotogen
Naherholung;Gärten-genießen;Tier-und-Freizeitparks;Erlebnis-Zoo-Hannover;Zoo-Hannover-Ein-Erlebnis-seit-150-Jahren;150-Jahre-Erlebnis-Zoo-Hannover-Galerie;Mit-150-noch-so-geheimnisvoll
Naherholung;Gärten-genießen;Tier-und-Freizeitparks;Erlebnis-Zoo-Hannover;Zoo-Hannover-Ein-Erlebnis-seit-150-Jahren;150-Jahre-Erlebnis-Zoo-Hannover-Galerie;Mit-150-noch-so-gut-unterwegs
Naherholung;Gärten-genießen;Tier-und-Freizeitparks;Erlebnis-Zoo-Hannover;Zoo-Hannover-Ein-Erlebnis-seit-150-Jahren;150-Jahre-Erlebnis-Zoo-Hannover-Galerie;Mit-150-noch-so-kuschelig
Naherholung;Gärten-genießen;Tier-und-Freizeitparks;Erlebnis-Zoo-Hannover;Zoo-Hannover-Ein-Erlebnis-seit-150-Jahren;150-Jahre-Erlebnis-Zoo-Hannover-Galerie;Mit-150-noch-so-lässig
Naherholung;Gärten-genießen;Tier-und-Freizeitparks;Erlebnis-Zoo-Hannover;Zoo-Hannover-Ein-Erlebnis-seit-150-Jahren;150-Jahre-Erlebnis-Zoo-Hannover-Galerie;Mit-150-noch-so-mutig
Naherholung;Gärten-genießen;Tier-und-Freizeitparks;Erlebnis-Zoo-Hannover;Zoo-Hannover-Ein-Erlebnis-seit-150-Jahren;150-Jahre-Erlebnis-Zoo-Hannover-Galerie;Mit-150-noch-so-neugierig
Naherholung;Gärten-genießen;Tier-und-Freizeitparks;Erlebnis-Zoo-Hannover;Zoo-Hannover-Ein-Erlebnis-seit-150-Jahren;150-Jahre-Erlebnis-Zoo-Hannover-Galerie;Mit-150-noch-so-übermütig
Naherholung;Gärten-genießen;Tier-und-Freizeitparks;Erlebnis-Zoo-Hannover;Zoo-Hannover-Ein-Erlebnis-seit-150-Jahren;150-Jahre-Erlebnis-Zoo-Hannover-Galerie;Regionspräsident-Hauke-Jagau
Naherholung;Gärten-genießen;Tier-und-Freizeitparks;Erlebnis-Zoo-Hannover;Zoo-Hannover-Ein-Erlebnis-seit-150-Jahren;150-Jahre-Erlebnis-Zoo-Hannover-Galerie;Zoo-Geschäftsführer-Andreas-M.-Casdorff
Naherholung;Gärten-genießen;Tier-und-Freizeitparks;Erlebnis-Zoo-Hannover;Zoo-Hannover-Ein-Erlebnis-seit-150-Jahren;Themenwelten-im-Erlebnis-Zoo;
Naherholung;Gärten-genießen;Tier-und-Freizeitparks;Erlebnis-Zoo-Hannover;Zoo-Hannover-Ein-Erlebnis-seit-150-Jahren;Zoo-Übernachtungs-und-Gruppenangebote;
Naherholung;Gärten-genießen;Tier-und-Freizeitparks;Sea-Life-Hannover;;;
Naherholung;Gärten-genießen;Tier-und-Freizeitparks;Weitere-Tier-und-Freizeitparks;;;
Naherholung;Gärten-genießen;Tier-und-Freizeitparks;Wisentgehege-Springe;;;
Naherholung;Infos,-Projekte,-Termine;;;;;
Naherholung;Infos,-Projekte,-Termine;Karten,-Bücher,-Broschüren;;;;
Naherholung;Infos,-Projekte,-Termine;Karten,-Bücher,-Broschüren;Broschüren;;;
Naherholung;Infos,-Projekte,-Termine;Karten,-Bücher,-Broschüren;Broschüren;Broschüren-zu-Parks,-Naherholungsgebieten-und-Forsten;;
Naherholung;Infos,-Projekte,-Termine;Karten,-Bücher,-Broschüren;Broschüren;Faltblätter-und-Kurzinformationen;;
Naherholung;Infos,-Projekte,-Termine;Karten,-Bücher,-Broschüren;Broschüren;Faltblätter-zu-Initiativen-und-Wettbewerben;;
Naherholung;Infos,-Projekte,-Termine;Karten,-Bücher,-Broschüren;Karten-und-Bücher;;;
Naherholung;Infos,-Projekte,-Termine;Mitmachen;;;;
Naherholung;Infos,-Projekte,-Termine;Mitmachen;Ab-ins-Grüne!;;;
Naherholung;Infos,-Projekte,-Termine;Mitmachen;Baumpatenschaften;;;
Naherholung;Infos,-Projekte,-Termine;Mitmachen;Calenberger-Landsommer;;;
Naherholung;Infos,-Projekte,-Termine;Mitmachen;Die-Offene-Pforte;;;
Naherholung;Infos,-Projekte,-Termine;Mitmachen;GartenLust;;;
Naherholung;Infos,-Projekte,-Termine;Mitmachen;Grünes-Hannover;;;
Naherholung;Infos,-Projekte,-Termine;Mitmachen;Hannover-zum-Hören;;;
Naherholung;Infos,-Projekte,-Termine;Mitmachen;Insektenbündnis-Hannover;;;
Naherholung;Infos,-Projekte,-Termine;Mitmachen;Projekte-für-Mehr-Natur-in-der-Stadt;;;
Naherholung;Infos,-Projekte,-Termine;Mitmachen;Rendezvous-im-Garten;;;
Naherholung;Infos,-Projekte,-Termine;Mitmachen;Urban-Gardening-und-Gemeinschaftsgärten;;;
Naherholung;Infos,-Projekte,-Termine;Termine;;;;
Naherholung;Infos,-Projekte,-Termine;Termine;Calenberger-Landsommer;;;
Naherholung;Infos,-Projekte,-Termine;Termine;Calenberger-Landsommer;Termine-2022;;
Naherholung;Infos,-Projekte,-Termine;Termine;Die-Offene-Pforte;;;
Naherholung;Infos,-Projekte,-Termine;Termine;Drachenfest-am-Kronsberg;;;
Naherholung;Infos,-Projekte,-Termine;Termine;Hannoversche-Pflanzentage;;;
Naherholung;Infos,-Projekte,-Termine;Termine;Rendezvous-im-Garten;;;
Naherholung;Natur-entdecken;;;;;
Naherholung;Natur-entdecken;Deister;;;;
Naherholung;Natur-entdecken;Die-Südliche-Leineaue;;;;
Naherholung;Natur-entdecken;Die-Südliche-Leineaue;Alte-Leine-1;;;
Naherholung;Natur-entdecken;Die-Südliche-Leineaue;Am-Wasserwerk-3;;;
Naherholung;Natur-entdecken;Die-Südliche-Leineaue;An-der-Leine-und-der-Bruchriede-5;;;
Naherholung;Natur-entdecken;Die-Südliche-Leineaue;Das-Koldinger-Holz-6;;;
Naherholung;Natur-entdecken;Die-Südliche-Leineaue;Die-Alte-Feuerwache-4;;;
Naherholung;Natur-entdecken;Die-Südliche-Leineaue;Die-Koldinger-Seen-7;;;
Naherholung;Natur-entdecken;Die-Südliche-Leineaue;Die-Zuckerfabrik-Rethen-12;;;
Naherholung;Natur-entdecken;Die-Südliche-Leineaue;Faltblätter-und-Hintergrundinformationen;;;
Naherholung;Natur-entdecken;Die-Südliche-Leineaue;Lebensader-Leine-9;;;
Naherholung;Natur-entdecken;Die-Südliche-Leineaue;Lebensader-Leine-9;Lebensraum-Sediment;;
Naherholung;Natur-entdecken;Die-Südliche-Leineaue;Lebensader-Leine-9;Lebensraum-Steilwand;;
Naherholung;Natur-entdecken;Die-Südliche-Leineaue;Lebensraum-Stapelteich-11;;;
Naherholung;Natur-entdecken;Die-Südliche-Leineaue;Lebensraum-Stapelteich-11;Vögel-am-Rethener-Stapelteich;;
Naherholung;Natur-entdecken;Die-Südliche-Leineaue;Sand-und-Kiesbänke-10;;;
Naherholung;Natur-entdecken;Die-Südliche-Leineaue;Sand-und-Kiesbänke-10;Laufkäfer;;
Naherholung;Natur-entdecken;Die-Südliche-Leineaue;Sand-und-Kiesbänke-10;Pflanzen;;
Naherholung;Natur-entdecken;Die-Südliche-Leineaue;Sand-und-Kiesbänke-10;Vögel;;
Naherholung;Natur-entdecken;Die-Südliche-Leineaue;Tonteiche-2;;;
Naherholung;Natur-entdecken;Die-Südliche-Leineaue;Vogelarten-am-Großen-Koldinger-See-8;;;
Naherholung;Natur-entdecken;Die-Südliche-Leineaue;Vogelarten-am-Großen-Koldinger-See-8;Brutvögel;;
Naherholung;Natur-entdecken;Die-Südliche-Leineaue;Vogelarten-am-Großen-Koldinger-See-8;Zugvögel;;
Naherholung;Natur-entdecken;Landschaftsräume;;;;
Naherholung;Natur-entdecken;Moore;;;;
Naherholung;Natur-entdecken;Moore;Altwarmbüchener-Moor;;;
Naherholung;Natur-entdecken;Moore;Broschüren-rund-ums-Moor;;;
Naherholung;Natur-entdecken;Moore;Das-Moorinformationszentrum-Wedemark-Resse-MOORiZ;;;
Naherholung;Natur-entdecken;Moore;Erlebnisweg-Totes-Moor;;;
Naherholung;Natur-entdecken;Moore;Geheimnisvolle-Moore;;;
Naherholung;Natur-entdecken;Moore;Hannoversche-Moorgeest;;;
Naherholung;Natur-entdecken;Moore;Hannoversche-Moorgeest;Bissendorfer-Moor;;
Naherholung;Natur-entdecken;Moore;Hannoversche-Moorgeest;Helstorfer-Moor;;
Naherholung;Natur-entdecken;Moore;Hannoversche-Moorgeest;Otternhagener-Moor;;
Naherholung;Natur-entdecken;Moore;Hannoversche-Moorgeest;Schwarzes-Moor-bei-Resse;;
Naherholung;Natur-entdecken;Moore;Moore;;;
Naherholung;Natur-entdecken;Moore;Moorerlebnispfad-Resse;;;
Naherholung;Natur-entdecken;Moore;Moorerlebnispfad-Resse;Der-Moorerlebnispfad;;
Naherholung;Natur-entdecken;Moore;Moorerlebnispfad-Resse;Der-Moorerlebnispfad;Entstehungsgeschichte-Moor-Erlebnispfad;
Naherholung;Natur-entdecken;Moore;Moorerlebnispfad-Resse;Der-Moorerlebnispfad;Moor-mit-den-Sinnen-erleben;
Naherholung;Natur-entdecken;Moore;Moorerlebnispfad-Resse;Der-Moorerlebnispfad;Moorerlebnisse-für-fast-Alle;
Naherholung;Natur-entdecken;Moore;Moorerlebnispfad-Resse;Der-Moorerlebnispfad;Moorwissen;
Naherholung;Natur-entdecken;Moore;Moorerlebnispfad-Resse;Die-vergessene-Autobahn-bei-Resse;;
Naherholung;Natur-entdecken;Moore;Moorerlebnispfad-Resse;Generelle-Informationen;;
Naherholung;Natur-entdecken;Moore;Moorerlebnispfad-Resse;Hinweise-zur-Nutzung-des-Moor-Erlebnispfads-Resse;;
Naherholung;Natur-entdecken;Moore;Moorerlebnispfad-Resse;Lebensraum-Sandheide;;
Naherholung;Natur-entdecken;Moore;Moorerlebnispfad-Resse;Lebensraum-Sandheide;Wiederherstellung-Lebensraum-Sandheide;
Naherholung;Natur-entdecken;Moore;Moorerlebnispfad-Resse;Pflanzen-und-Tiere-im-Moor;;
Naherholung;Natur-entdecken;Moore;Nordhannoversche-Moorroute;;;
Naherholung;Natur-entdecken;Moore;Nordhannoversche-Moorroute;Die-Nordhannoversche-Moorroute;;
Naherholung;Natur-entdecken;Moore;Nordhannoversche-Moorroute;Grüne-Schätze-am-Moor;;
Naherholung;Natur-entdecken;Moore;Nordhannoversche-Moorroute;Karte-mit-allen-vier-Etappen;;
Naherholung;Natur-entdecken;Moore;Nordhannoversche-Moorroute;Karte-mit-allen-vier-Etappen;Etappen-zum-Nachradeln;
Naherholung;Natur-entdecken;Moore;Nordhannoversche-Moorroute;Karte-mit-allen-vier-Etappen;Etappen-zum-Nachradeln;Nordhannoversche-Moorroute-Etappe-1
Naherholung;Natur-entdecken;Moore;Nordhannoversche-Moorroute;Karte-mit-allen-vier-Etappen;Etappen-zum-Nachradeln;Nordhannoversche-Moorroute-Etappe-2
Naherholung;Natur-entdecken;Moore;Nordhannoversche-Moorroute;Karte-mit-allen-vier-Etappen;Etappen-zum-Nachradeln;Nordhannoversche-Moorroute-Etappe-3
Naherholung;Natur-entdecken;Moore;Nordhannoversche-Moorroute;Karte-mit-allen-vier-Etappen;Etappen-zum-Nachradeln;Nordhannoversche-Moorroute-Etappe-4
Naherholung;Natur-entdecken;Moore;Nordhannoversche-Moorroute;Rund-ums-Steinhuder-Meer;;
Naherholung;Natur-entdecken;Moore;Nordhannoversche-Moorroute;Von-Altwarmbüchen-nach-Bissendorf;;
Naherholung;Natur-entdecken;Moore;Nordhannoversche-Moorroute;Von-Bissendorf-nach-Neustadt-a.-Rbge;;
Naherholung;Natur-entdecken;Moore;Nordhannoversche-Moorroute;Von-Neustadt-a.-Rbge.-durch-Tote-Moor;;
Naherholung;Natur-entdecken;Moore;Nordhannoversche-Moorroute;Was-sonst-noch-interessant-ist;;
Naherholung;Natur-entdecken;Seen;;;;
Naherholung;Natur-entdecken;Seen;Altwarmbüchener-See;;;
Naherholung;Natur-entdecken;Seen;Badeseen;;;
Naherholung;Natur-entdecken;Seen;Koldinger-Seen;;;
Naherholung;Natur-entdecken;Seen;Maschsee;;;
Naherholung;Natur-entdecken;Seen;Ricklinger-Kiesteiche;;;
Naherholung;Natur-entdecken;Seen;Steinhuder-Meer;;;
Naherholung;Natur-entdecken;Wälder;;;;
Naherholung;Natur-entdecken;Wälder;Die-Eilenriede;;;
Naherholung;Natur-entdecken;Wälder;Mecklenheider-Forst;;;
Naherholung;Natur-entdecken;Wälder;Seelhorster-Wald;;;
Naherholung;Natur-entdecken;Wälder;Waldstation-Eilenriede;;;
Naherholung;Natur-erleben;;;;;
Naherholung;Natur-erleben;Grüne-Schätze;;;;
Naherholung;Natur-erleben;Angeln-in-den-Koldinger-Seen;;;;
Naherholung;Natur-erleben;Auf-dem-E1-durch-den-Deister;;;;
Naherholung;Natur-erleben;Bewegen;;;;
Naherholung;Natur-erleben;Bewegen;Deisterwanderung-abseits-der-bekannten-Wege;;;
Naherholung;Natur-erleben;Bewegen;Die-Gartenregion-spielend-entdecken;;;
Naherholung;Natur-erleben;Bewegen;Discgolf-Parcours;;;
Naherholung;Natur-erleben;Bewegen;Fitness%C2%ADparcours-in-Hannover;;;
Naherholung;Natur-erleben;Bewegen;Fitness%C2%ADparcours-in-Hannover;BewegungsORTE;;
Naherholung;Natur-erleben;Bewegen;Fitness%C2%ADparcours-in-Hannover;Bewegungsparcours-in-Vahrenheide;;
Naherholung;Natur-erleben;Bewegen;Fitness%C2%ADparcours-in-Hannover;Bewegungspark-in-Stöcken;;
Naherholung;Natur-erleben;Bewegen;Fitness%C2%ADparcours-in-Hannover;Fitness-in-der-Fössewiese-in-Davenstedt;;
Naherholung;Natur-erleben;Bewegen;Fitness%C2%ADparcours-in-Hannover;Fitnessparcours-Langensalzastraße;;
Naherholung;Natur-erleben;Bewegen;Fitness%C2%ADparcours-in-Hannover;Fitnessparcours-am-Freizeitheim-Ricklingen;;
Naherholung;Natur-erleben;Bewegen;Fitness%C2%ADparcours-in-Hannover;Fitnessparcours-am-Tiergarten-in-Kirchrode;;
Naherholung;Natur-erleben;Bewegen;Fitness%C2%ADparcours-in-Hannover;Fitnessparcours-in-der-Grünen-Mitte-Hainholz;;
Naherholung;Natur-erleben;Bewegen;Fitness%C2%ADparcours-in-Hannover;Fitnesswiese-am-Schmachteberg-in-der-Eilenriede;;
Naherholung;Natur-erleben;Bewegen;Fitness%C2%ADparcours-in-Hannover;Platz-der-Generationen-Wülfel;;
Naherholung;Natur-erleben;Bewegen;Hannover-läuft-rund;;;
Naherholung;Natur-erleben;Bewegen;Hannovers-erster-Spielplatz-Wakitu;;;
Naherholung;Natur-erleben;Bewegen;Skaten-in-Hannover;;;
Naherholung;Natur-erleben;Bewegen;Spielplätze-in-Hannover;;;
Naherholung;Natur-erleben;Bewegen;Sport-im-Park;;;
Naherholung;Natur-erleben;Bewegen;Sport-treiben-im-Grünen;;;
Naherholung;Natur-erleben;Bewegen;Trimm-Dich-Pfad-in-der-Eilenriede;;;
Naherholung;Natur-erleben;Der-Deister-Wanderpass;;;;
Naherholung;Natur-erleben;Faltkarte-Wandern-im-Deister;;;;
Naherholung;Natur-erleben;Mit-Bus-und-Bahn-auf-den-Deisterkamm;;;;
Naherholung;Natur-erleben;Nordhannoversche-Moorroute;;;;
Naherholung;Natur-erleben;Radfahren;;;;
Naherholung;Natur-erleben;Radfahren;Der-Deisterkreisel;;;
Naherholung;Natur-erleben;Radfahren;Der-Deisterkreisel;Ausgewählte-Schwimmbäder-am-Deisterkreisel;;
Naherholung;Natur-erleben;Radfahren;Der-Deisterkreisel;Ausgewählte-Spielplätze-am-Deisterkreisel;;
Naherholung;Natur-erleben;Radfahren;Der-Deisterkreisel;Minigolfplätze;;
Naherholung;Natur-erleben;Radfahren;Der-Deisterkreisel;Route-1-Von-Bad-Nenndorf-nach-Wennigsen;;
Naherholung;Natur-erleben;Radfahren;Der-Deisterkreisel;Route-2-Von-Wennigsen-nach-Völksen;;
Naherholung;Natur-erleben;Radfahren;Der-Deisterkreisel;Route-3-Von-Völksen-nach-Bad-Münder;;
Naherholung;Natur-erleben;Radfahren;Der-Deisterkreisel;Route-4-Von-Bad-Münder-nach-Bad-Nenndorf;;
Naherholung;Natur-erleben;Radfahren;Der-Julius-Trip-Ring;;;
Naherholung;Natur-erleben;Radfahren;Die-Hofladenrouten;;;
Naherholung;Natur-erleben;Radfahren;FAHRRADREGION-Hannover;;;
Naherholung;Natur-erleben;Radfahren;FAHRRADREGION-Hannover;Die-15-Routen-der-FAHRRADREGION-Hannover;;
Naherholung;Natur-erleben;Radfahren;FAHRRADREGION-Hannover;Regionsroute-1;;
Naherholung;Natur-erleben;Radfahren;FAHRRADREGION-Hannover;Regionsroute-10;;
Naherholung;Natur-erleben;Radfahren;FAHRRADREGION-Hannover;Regionsroute-11;;
Naherholung;Natur-erleben;Radfahren;FAHRRADREGION-Hannover;Regionsroute-12;;
Naherholung;Natur-erleben;Radfahren;FAHRRADREGION-Hannover;Regionsroute-13;;
Naherholung;Natur-erleben;Radfahren;FAHRRADREGION-Hannover;Regionsroute-14;;
Naherholung;Natur-erleben;Radfahren;FAHRRADREGION-Hannover;Regionsroute-15;;
Naherholung;Natur-erleben;Radfahren;FAHRRADREGION-Hannover;Regionsroute-2;;
Naherholung;Natur-erleben;Radfahren;FAHRRADREGION-Hannover;Regionsroute-3;;
Naherholung;Natur-erleben;Radfahren;FAHRRADREGION-Hannover;Regionsroute-4;;
Naherholung;Natur-erleben;Radfahren;FAHRRADREGION-Hannover;Regionsroute-5;;
Naherholung;Natur-erleben;Radfahren;FAHRRADREGION-Hannover;Regionsroute-6;;
Naherholung;Natur-erleben;Radfahren;FAHRRADREGION-Hannover;Regionsroute-7;;
Naherholung;Natur-erleben;Radfahren;FAHRRADREGION-Hannover;Regionsroute-8;;
Naherholung;Natur-erleben;Radfahren;FAHRRADREGION-Hannover;Regionsroute-9;;
Naherholung;Natur-erleben;Radfahren;FAHRRADREGION-Hannover;Tourenvorschläge;;
Naherholung;Natur-erleben;Radfahren;Grüner-Ring;;;
Naherholung;Natur-erleben;Radfahren;Grüner-Ring;Altwarmbüchener-Moor-Tiergarten-Hannover;;
Naherholung;Natur-erleben;Radfahren;Grüner-Ring;Altwarmbüchener-Moor-Tiergarten-Hannover;Altwarmbüchener-Moor;
Naherholung;Natur-erleben;Radfahren;Grüner-Ring;Altwarmbüchener-Moor-Tiergarten-Hannover;Altwarmbüchener-See;
Naherholung;Natur-erleben;Radfahren;Grüner-Ring;Altwarmbüchener-Moor-Tiergarten-Hannover;Breite-und-Nasse-Wiese;
Naherholung;Natur-erleben;Radfahren;Grüner-Ring;Altwarmbüchener-Moor-Tiergarten-Hannover;Bäder-auf-dem-Weg;
Naherholung;Natur-erleben;Radfahren;Grüner-Ring;Altwarmbüchener-Moor-Tiergarten-Hannover;Misburger-Wald-und-Blauer-See;
Naherholung;Natur-erleben;Radfahren;Grüner-Ring;Altwarmbüchener-Moor-Tiergarten-Hannover;Schiffgraben;
Naherholung;Natur-erleben;Radfahren;Grüner-Ring;Altwarmbüchener-Moor-Tiergarten-Hannover;Tiergarten;
Naherholung;Natur-erleben;Radfahren;Grüner-Ring;Benthe-Ronnenberg-Gehrden-Benther-Berg;;
Naherholung;Natur-erleben;Radfahren;Grüner-Ring;Benthe-Ronnenberg-Gehrden-Benther-Berg;Benther-Berg-und-Gehrdener-Berg;
Naherholung;Natur-erleben;Radfahren;Grüner-Ring;Benthe-Ronnenberg-Gehrden-Benther-Berg;Berggasthaus-Niedersachsen;
Naherholung;Natur-erleben;Radfahren;Grüner-Ring;Benthe-Ronnenberg-Gehrden-Benther-Berg;Burgberg-Gehrdener-Sandstein;
Naherholung;Natur-erleben;Radfahren;Grüner-Ring;Benthe-Ronnenberg-Gehrden-Benther-Berg;Bäder-auf-dem-Weg;
Naherholung;Natur-erleben;Radfahren;Grüner-Ring;Benthe-Ronnenberg-Gehrden-Benther-Berg;Die-Sieben-Trappen-Steine;
Naherholung;Natur-erleben;Radfahren;Grüner-Ring;Benthe-Ronnenberg-Gehrden-Benther-Berg;Erlebnisgarten-und-Alter-Garten;
Naherholung;Natur-erleben;Radfahren;Grüner-Ring;Benthe-Ronnenberg-Gehrden-Benther-Berg;Hellweg-vor-dem-Sandforde;
Naherholung;Natur-erleben;Radfahren;Grüner-Ring;Benthe-Ronnenberg-Gehrden-Benther-Berg;Holländerwindmühle;
Naherholung;Natur-erleben;Radfahren;Grüner-Ring;Benthe-Ronnenberg-Gehrden-Benther-Berg;Kalihalde-Ronnenberg;
Naherholung;Natur-erleben;Radfahren;Grüner-Ring;Benthe-Ronnenberg-Gehrden-Benther-Berg;Kindermühle-Gehrdener-Berg;
Naherholung;Natur-erleben;Radfahren;Grüner-Ring;Benthe-Ronnenberg-Gehrden-Benther-Berg;Löss;
Naherholung;Natur-erleben;Radfahren;Grüner-Ring;Benthe-Ronnenberg-Gehrden-Benther-Berg;Margarethenwiese;
Naherholung;Natur-erleben;Radfahren;Grüner-Ring;Benthe-Ronnenberg-Gehrden-Benther-Berg;Michaeliskirche;
Naherholung;Natur-erleben;Radfahren;Grüner-Ring;Benthe-Ronnenberg-Gehrden-Benther-Berg;Rittergut-Erichshof;
Naherholung;Natur-erleben;Radfahren;Grüner-Ring;Benthe-Ronnenberg-Gehrden-Benther-Berg;Ronnenberg;
Naherholung;Natur-erleben;Radfahren;Grüner-Ring;Benthe-Ronnenberg-Gehrden-Benther-Berg;Waldbetriebsgemeinschaft-Benther-Berg;
Naherholung;Natur-erleben;Radfahren;Grüner-Ring;Der-Grüne-Ring;;
Naherholung;Natur-erleben;Radfahren;Grüner-Ring;Devese-Benthe-Velber;;
Naherholung;Natur-erleben;Radfahren;Grüner-Ring;Devese-Benthe-Velber;Benther-Berg;
Naherholung;Natur-erleben;Radfahren;Grüner-Ring;Devese-Benthe-Velber;Bäder-auf-dem-Weg;
Naherholung;Natur-erleben;Radfahren;Grüner-Ring;Devese-Benthe-Velber;Das-Calenberger-Land;
Naherholung;Natur-erleben;Radfahren;Grüner-Ring;Devese-Benthe-Velber;Fösse;
Naherholung;Natur-erleben;Radfahren;Grüner-Ring;Devese-Benthe-Velber;Ihme;
Naherholung;Natur-erleben;Radfahren;Grüner-Ring;Devese-Benthe-Velber;Kalihalde;
Naherholung;Natur-erleben;Radfahren;Grüner-Ring;Devese-Benthe-Velber;Naturdenkmal-Eschteich;
Naherholung;Natur-erleben;Radfahren;Grüner-Ring;Devese-Benthe-Velber;Velber-Kapelle-in-Velber-Kollroth-Hof;
Naherholung;Natur-erleben;Radfahren;Grüner-Ring;Devese-Benthe-Velber;Von-Lenthe-Allee;
Naherholung;Natur-erleben;Radfahren;Grüner-Ring;Devese-Benthe-Velber;Wettbergen;
Naherholung;Natur-erleben;Radfahren;Grüner-Ring;Devese-Benthe-Velber;Wohnen-mit-der-Sonne;
Naherholung;Natur-erleben;Radfahren;Grüner-Ring;Forst-Heidehaus-Wietze;;
Naherholung;Natur-erleben;Radfahren;Grüner-Ring;Forst-Heidehaus-Wietze;Am-Heinischen-Hof;
Naherholung;Natur-erleben;Radfahren;Grüner-Ring;Forst-Heidehaus-Wietze;Deponie;
Naherholung;Natur-erleben;Radfahren;Grüner-Ring;Forst-Heidehaus-Wietze;Eichen-und-Stadtpark-Langenhagen;
Naherholung;Natur-erleben;Radfahren;Grüner-Ring;Forst-Heidehaus-Wietze;Elisabethkirche;
Naherholung;Natur-erleben;Radfahren;Grüner-Ring;Forst-Heidehaus-Wietze;Godshorner-Kapelle;
Naherholung;Natur-erleben;Radfahren;Grüner-Ring;Forst-Heidehaus-Wietze;Kugelfangtrift;
Naherholung;Natur-erleben;Radfahren;Grüner-Ring;Forst-Heidehaus-Wietze;Mecklenheideforst;
Naherholung;Natur-erleben;Radfahren;Grüner-Ring;Forst-Heidehaus-Wietze;Mittellandkanal;
Naherholung;Natur-erleben;Radfahren;Grüner-Ring;Forst-Heidehaus-Wietze;Standortübungsplatz-Nord;
Naherholung;Natur-erleben;Radfahren;Grüner-Ring;Forst-Heidehaus-Wietze;Vinnhorst;
Naherholung;Natur-erleben;Radfahren;Grüner-Ring;Forst-Heidehaus-Wietze;Wietze;
Naherholung;Natur-erleben;Radfahren;Grüner-Ring;Grasdorf-Devese;;
Naherholung;Natur-erleben;Radfahren;Grüner-Ring;Grasdorf-Devese;Beobachtungsturm;
Naherholung;Natur-erleben;Radfahren;Grüner-Ring;Grasdorf-Devese;Bäder-auf-dem-Weg;
Naherholung;Natur-erleben;Radfahren;Grüner-Ring;Grasdorf-Devese;Devese;
Naherholung;Natur-erleben;Radfahren;Grüner-Ring;Grasdorf-Devese;Grasdorf;
Naherholung;Natur-erleben;Radfahren;Grüner-Ring;Grasdorf-Devese;Hemminger-Kapelle;
Naherholung;Natur-erleben;Radfahren;Grüner-Ring;Grasdorf-Devese;Kiesseen;
Naherholung;Natur-erleben;Radfahren;Grüner-Ring;Grasdorf-Devese;Naturschutzzentrum-Alte-Feuerwache;
Naherholung;Natur-erleben;Radfahren;Grüner-Ring;Grasdorf-Devese;Rübenburgen;
Naherholung;Natur-erleben;Radfahren;Grüner-Ring;Grasdorf-Devese;Sensenvögel;
Naherholung;Natur-erleben;Radfahren;Grüner-Ring;Grasdorf-Devese;Sundern;
Naherholung;Natur-erleben;Radfahren;Grüner-Ring;Grasdorf-Devese;Südliche-Leineaue;
Naherholung;Natur-erleben;Radfahren;Grüner-Ring;Grasdorf-Devese;Von-Alten-Mausoleum;
Naherholung;Natur-erleben;Radfahren;Grüner-Ring;Grasdorf-Devese;Wassergewinnung;
Naherholung;Natur-erleben;Radfahren;Grüner-Ring;Grasdorf-Devese;Wasserlehrpfad;
Naherholung;Natur-erleben;Radfahren;Grüner-Ring;Grasdorf-Devese;Weißstorch;
Naherholung;Natur-erleben;Radfahren;Grüner-Ring;Grasdorf-Sehnde-Mittellandkanal;;
Naherholung;Natur-erleben;Radfahren;Grüner-Ring;Grasdorf-Sehnde-Mittellandkanal;Bockmerholz;
Naherholung;Natur-erleben;Radfahren;Grüner-Ring;Grasdorf-Sehnde-Mittellandkanal;Bäder-auf-dem-Weg;
Naherholung;Natur-erleben;Radfahren;Grüner-Ring;Grasdorf-Sehnde-Mittellandkanal;Friedrichshall;
Naherholung;Natur-erleben;Radfahren;Grüner-Ring;Grasdorf-Sehnde-Mittellandkanal;Gewerkschaft-Hohenfels;
Naherholung;Natur-erleben;Radfahren;Grüner-Ring;Grasdorf-Sehnde-Mittellandkanal;Großes-Freies;
Naherholung;Natur-erleben;Radfahren;Grüner-Ring;Grasdorf-Sehnde-Mittellandkanal;Hannoversche-Schule;
Naherholung;Natur-erleben;Radfahren;Grüner-Ring;Grasdorf-Sehnde-Mittellandkanal;Hannoversche-Straßenbahn-Museum;
Naherholung;Natur-erleben;Radfahren;Grüner-Ring;Grasdorf-Sehnde-Mittellandkanal;Hermann-Löns;
Naherholung;Natur-erleben;Radfahren;Grüner-Ring;Grasdorf-Sehnde-Mittellandkanal;Hügelgräber;
Naherholung;Natur-erleben;Radfahren;Grüner-Ring;Grasdorf-Sehnde-Mittellandkanal;Koldinger-Seen;
Naherholung;Natur-erleben;Radfahren;Grüner-Ring;Grasdorf-Sehnde-Mittellandkanal;Kunst-Windenergie;
Naherholung;Natur-erleben;Radfahren;Grüner-Ring;Grasdorf-Sehnde-Mittellandkanal;Mergelgruben;
Naherholung;Natur-erleben;Radfahren;Grüner-Ring;Grasdorf-Sehnde-Mittellandkanal;Mittellandkanal;
Naherholung;Natur-erleben;Radfahren;Grüner-Ring;Grasdorf-Sehnde-Mittellandkanal;Schleuse-Bolzum;
Naherholung;Natur-erleben;Radfahren;Grüner-Ring;Grasdorf-Sehnde-Mittellandkanal;Wassel;
Naherholung;Natur-erleben;Radfahren;Grüner-Ring;Grüne-Ringe-in-Deutschland;;
Naherholung;Natur-erleben;Radfahren;Grüner-Ring;Marienwerder-Garbsen-Seelze;;
Naherholung;Natur-erleben;Radfahren;Grüner-Ring;Marienwerder-Garbsen-Seelze;Barockkirche-Schloss-Ricklingen;
Naherholung;Natur-erleben;Radfahren;Grüner-Ring;Marienwerder-Garbsen-Seelze;Berenbosteler-Ziegeleien;
Naherholung;Natur-erleben;Radfahren;Grüner-Ring;Marienwerder-Garbsen-Seelze;Bäder-auf-dem-Weg;
Naherholung;Natur-erleben;Radfahren;Grüner-Ring;Marienwerder-Garbsen-Seelze;Garbsener-Berge-und-Blauer-See;
Naherholung;Natur-erleben;Radfahren;Grüner-Ring;Marienwerder-Garbsen-Seelze;Garbsener-Schweiz;
Naherholung;Natur-erleben;Radfahren;Grüner-Ring;Marienwerder-Garbsen-Seelze;Geestrücken;
Naherholung;Natur-erleben;Radfahren;Grüner-Ring;Marienwerder-Garbsen-Seelze;Herzog-Albrecht-Denkmal;
Naherholung;Natur-erleben;Radfahren;Grüner-Ring;Marienwerder-Garbsen-Seelze;Holländerwindmühle;
Naherholung;Natur-erleben;Radfahren;Grüner-Ring;Marienwerder-Garbsen-Seelze;Moorkönig-von-Garbsen;
Naherholung;Natur-erleben;Radfahren;Grüner-Ring;Marienwerder-Garbsen-Seelze;Schloss-Ricklingen;
Naherholung;Natur-erleben;Radfahren;Grüner-Ring;Marienwerder-Garbsen-Seelze;Schwarzer-See;
Naherholung;Natur-erleben;Radfahren;Grüner-Ring;Marienwerder-Garbsen-Seelze;Stadtpark-Garbsen;
Naherholung;Natur-erleben;Radfahren;Grüner-Ring;Marienwerder-Garbsen-Seelze;Stadtpark-Garbsen2;
Naherholung;Natur-erleben;Radfahren;Grüner-Ring;Marienwerder-Garbsen-Seelze;Unterwassertechnikum;
Naherholung;Natur-erleben;Radfahren;Grüner-Ring;Marienwerder-Garbsen-Seelze;Wasserkreuzung-Flutbrücke-Altarm;
Naherholung;Natur-erleben;Radfahren;Grüner-Ring;Tiergarten-Hannover-Kronsberg;;
Naherholung;Natur-erleben;Radfahren;Grüner-Ring;Tiergarten-Hannover-Kronsberg;Allmende;
Naherholung;Natur-erleben;Radfahren;Grüner-Ring;Tiergarten-Hannover-Kronsberg;Aussichtshügel;
Naherholung;Natur-erleben;Radfahren;Grüner-Ring;Tiergarten-Hannover-Kronsberg;Bäder-auf-dem-Weg;
Naherholung;Natur-erleben;Radfahren;Grüner-Ring;Tiergarten-Hannover-Kronsberg;Drei-Kaiser-Stein-Stadtteil-Kronsberg-Kammwald;
Naherholung;Natur-erleben;Radfahren;Grüner-Ring;Tiergarten-Hannover-Kronsberg;Gaim;
Naherholung;Natur-erleben;Radfahren;Grüner-Ring;Tiergarten-Hannover-Kronsberg;Gärten-im-Wandel-und-Expo-Park-Süd;
Naherholung;Natur-erleben;Radfahren;Grüner-Ring;Tiergarten-Hannover-Kronsberg;Mastbrucher-Holz;
Naherholung;Natur-erleben;Radfahren;Grüner-Ring;Tiergarten-Hannover-Kronsberg;Park-der-Sinne;
Naherholung;Natur-erleben;Radfahren;Grüner-Ring;Tiergarten-Hannover-Kronsberg;Schleuse-Anderten;
Naherholung;Natur-erleben;Radfahren;Grüner-Ring;Tiergarten-Hannover-Kronsberg;Schwarzes-Gold;
Naherholung;Natur-erleben;Radfahren;Grüner-Ring;Tiergarten-Hannover-Kronsberg;Städtische-Siedlung;
Naherholung;Natur-erleben;Radfahren;Grüner-Ring;Velber-Schwarze-Heide;;
Naherholung;Natur-erleben;Radfahren;Grüner-Ring;Velber-Schwarze-Heide;Bäder-auf-dem-Weg;
Naherholung;Natur-erleben;Radfahren;Grüner-Ring;Velber-Schwarze-Heide;Der-Englische-Friedhof;
Naherholung;Natur-erleben;Radfahren;Grüner-Ring;Velber-Schwarze-Heide;Gedenkstätte-Ahlem;
Naherholung;Natur-erleben;Radfahren;Grüner-Ring;Velber-Schwarze-Heide;Hinüberscher-Garten;
Naherholung;Natur-erleben;Radfahren;Grüner-Ring;Velber-Schwarze-Heide;Kanalrebellen;
Naherholung;Natur-erleben;Radfahren;Grüner-Ring;Velber-Schwarze-Heide;Kloster-Marienwerder-und-Klosterforst;
Naherholung;Natur-erleben;Radfahren;Grüner-Ring;Velber-Schwarze-Heide;Schwarze-Heide;
Naherholung;Natur-erleben;Radfahren;Grüner-Ring;Velber-Schwarze-Heide;Weiden;
Naherholung;Natur-erleben;Radfahren;Grüner-Ring;Wasserzeichen;;
Naherholung;Natur-erleben;Radfahren;Grüner-Ring;Wasserzeichen;Ahlemer-Maschgraben;
Naherholung;Natur-erleben;Radfahren;Grüner-Ring;Wasserzeichen;Flut-Brücke-in-der-Leineaue-Stöcken;
Naherholung;Natur-erleben;Radfahren;Grüner-Ring;Wasserzeichen;Fösse;
Naherholung;Natur-erleben;Radfahren;Grüner-Ring;Wasserzeichen;Hirtenbach;
Naherholung;Natur-erleben;Radfahren;Grüner-Ring;Wasserzeichen;Ihme;
Naherholung;Natur-erleben;Radfahren;Grüner-Ring;Wasserzeichen;Leine-bei-Marienwerder;
Naherholung;Natur-erleben;Radfahren;Grüner-Ring;Wasserzeichen;Mittellandkanal-Trogbrücke;
Naherholung;Natur-erleben;Radfahren;Grüner-Ring;Wasserzeichen;Stöckener-Bach;
Naherholung;Natur-erleben;Radfahren;Grüner-Ring;Wasserzeichen;Wasserhochbehälter-Heisterberg;
Naherholung;Natur-erleben;Radfahren;Grüner-Ring;Wietze-Flemmingsche-Tonkuhle;;
Naherholung;Natur-erleben;Radfahren;Grüner-Ring;Wietze-Flemmingsche-Tonkuhle;Agrarformen-des-19.-Jahrhunderts;
Naherholung;Natur-erleben;Radfahren;Grüner-Ring;Wietze-Flemmingsche-Tonkuhle;Alter-Postweg;
Naherholung;Natur-erleben;Radfahren;Grüner-Ring;Wietze-Flemmingsche-Tonkuhle;Bauernhaus-Museum-Isernhagen;
Naherholung;Natur-erleben;Radfahren;Grüner-Ring;Wietze-Flemmingsche-Tonkuhle;Bäder-auf-dem-Weg;
Naherholung;Natur-erleben;Radfahren;Grüner-Ring;Wietze-Flemmingsche-Tonkuhle;Die-Flemmingsche-Tonkuhle;
Naherholung;Natur-erleben;Radfahren;Grüner-Ring;Wietze-Flemmingsche-Tonkuhle;Eichen;
Naherholung;Natur-erleben;Radfahren;Grüner-Ring;Wietze-Flemmingsche-Tonkuhle;Isernhagen;
Naherholung;Natur-erleben;Radfahren;Grüner-Ring;Wietze-Flemmingsche-Tonkuhle;Marienkirche;
Naherholung;Natur-erleben;Radfahren;Grüner-Ring;Wietze-Flemmingsche-Tonkuhle;Wietzeblick-und-Wietzepark;
Naherholung;Natur-erleben;Radfahren;Kulturroute;;;
Naherholung;Natur-erleben;Radfahren;Mit-dem-Fahrrad-zu-den-Klöstern;;;
Naherholung;Natur-erleben;Radfahren;Nordhannoversche-Moorroute;;;
Naherholung;Natur-erleben;Radfahren;Radeln-am-Mittellandkanal;;;
Naherholung;Natur-erleben;Radfahren;Sommerradtouren;;;
Naherholung;Natur-erleben;Radfahren;Sommerradtouren;Vorschläge-für-Radtouren-durch-die-Region-Hannover;;
Naherholung;Natur-erleben;Radfahren;Sommerradtouren;Vorschläge-für-Radtouren-durch-die-Region-Hannover;Auf-den-Spuren-der-Welfen;
Naherholung;Natur-erleben;Radfahren;Sommerradtouren;Vorschläge-für-Radtouren-durch-die-Region-Hannover;Entlang-der-Wasserzeichen-durch-den-Norden-der-Region;
Naherholung;Natur-erleben;Radfahren;Sommerradtouren;Vorschläge-für-Radtouren-durch-die-Region-Hannover;Garten-Tour-durch-Hannover;
Naherholung;Natur-erleben;Radfahren;Sommerradtouren;Vorschläge-für-Radtouren-durch-die-Region-Hannover;Lehrte;
Naherholung;Natur-erleben;Radfahren;Sommerradtouren;Vorschläge-für-Radtouren-durch-die-Region-Hannover;Moor-Route-ans-Steinhuder-Meer;
Naherholung;Natur-erleben;Radfahren;Sommerradtouren;Vorschläge-für-Radtouren-durch-die-Region-Hannover;Vom-Bahnhof-Bissendorf-nach-Hannover;
Naherholung;Natur-erleben;Radfahren;Sommerradtouren;Vorschläge-für-Radtouren-durch-die-Region-Hannover;Vom-Bahnhof-Großburgwedel-zum-Altwarmbüchener-See;
Naherholung;Natur-erleben;Radfahren;Sommerradtouren;Vorschläge-für-Radtouren-durch-die-Region-Hannover;Von-Bantorf-zur-Kalihalde-in-Empelde;
Naherholung;Natur-erleben;Radfahren;Sommerradtouren;Vorschläge-für-Radtouren-durch-die-Region-Hannover;Von-Hannover-nach-Burgdorf-Otze;
Naherholung;Natur-erleben;Radfahren;Sommerradtouren;Vorschläge-für-Radtouren-durch-die-Region-Hannover;Von-Seelze-nach-Hannover;
Naherholung;Natur-verstehen;;;;;
Naherholung;Natur-verstehen;Erlebnispfade;;;;
Naherholung;Natur-verstehen;Hannover-zum-Hören;;;;
Naherholung;Natur-verstehen;Naturlernorte;;;;
Naherholung;Natur-verstehen;Naturlernorte;Kinderwald-Hannover;;;
Naherholung;Natur-verstehen;Naturlernorte;Schulbiologiezentrum-Hannover;;;
Naherholung;Natur-verstehen;Naturlernorte;Waldstation-Eilenriede;;;
Naherholung;Natur-verstehen;Naturlernorte;Waldstation-Eilenriede;Aktuelles-Veranstaltungen;;
Naherholung;Natur-verstehen;Naturlernorte;Waldstation-Eilenriede;Anfahrt-und-Öffnungszeiten;;
Naherholung;Natur-verstehen;Naturlernorte;Waldstation-Eilenriede;Audioguide;;
Naherholung;Natur-verstehen;Naturlernorte;Waldstation-Eilenriede;Das-Wald-Hochhaus;;
Naherholung;Natur-verstehen;Naturlernorte;Waldstation-Eilenriede;Die-Eilenriede;;
Naherholung;Natur-verstehen;Naturlernorte;Waldstation-Eilenriede;Freiwilliges-Ökologisches-Jahr;;
Naherholung;Natur-verstehen;Naturlernorte;Waldstation-Eilenriede;Führungen;;
Naherholung;Natur-verstehen;Naturlernorte;Waldstation-Eilenriede;Über-uns;;
Naherholung;Natur-verstehen;Naturlernorte;Ökologische-Schutzstation-Steinhuder-Meer-e.V.-ÖSSM;;;
Naherholung;Natur-verstehen;Naturlernorte;Ökologische-Station-Mittleres-Leinetal-ÖSML;;;
