Naherholung;Gärten-genießen;;;
Naherholung;Gärten-genießen;Friedhöfe-in-Hannover;;
Naherholung;Gärten-genießen;Friedhöfe-in-Hannover;Die-Friedhöfe-der-Landeshauptstadt-Hannover;
Naherholung;Gärten-genießen;Friedhöfe-in-Hannover;Die-Friedhöfe-der-Landeshauptstadt-Hannover;Aufgelassene-entwidmete-Friedhöfe
Naherholung;Natur-entdecken;;;
Naherholung;Natur-entdecken;Deister;;
Naherholung;Natur-entdecken;Die-Südliche-Leineaue;;
Naherholung;Natur-verstehen;;;
Naherholung;Natur-verstehen;Erlebnispfade;;
Naherholung;Natur-verstehen;Hannover-zum-Hören;;
