Thema;Stadtwald
Stadtwald;Website
Stadtwald;Website
Stadtwald;Broschüre
Stadtwald;Website
Stadtwald;Flyer
Thema;Orientierung im Wald
Orientierung im Wald;Website
Orientierung im Wald;Flyer
Orientierung im Wald;Website
Thema;Historie
Historie;Website
Historie;Website
Historie;Tafel
Historie;Broschüre
Thema;Eilenriedebeirat
Eilenriedebeirat;Website
Eilenriedebeirat;Website
Eilenriedebeirat;Broschüre
Eilenriedebeirat;Veröffentlichung
Eilenriedebeirat;Veröffentlichung
Thema;Waldstation
Waldstation;Website
Waldstation;Flyer
Waldstation;Karte
Waldstation;Flyer
Waldstation;Broschüre
Waldstation;Website
Waldstation;Website
Waldstation;Website
Waldstation;Website
Waldstation;Veröffentlichung
Waldstation;Website
Thema;Sport und Bewegung
Sport und Bewegung;Website
Sport und Bewegung;Flyer
Sport und Bewegung;Website
Sport und Bewegung;Website
Sport und Bewegung;Karte
Sport und Bewegung;Website
Sport und Bewegung;Karte
Sport und Bewegung;Website
Sport und Bewegung;Website
Thema;Forstwirtschaft
Forstwirtschaft;Veröffentlichung
Forstwirtschaft;Website
Forstwirtschaft;Veröffentlichung
Forstwirtschaft;Website
Thema;Sonstige
Sonstige;Broschüre
